/*
SQLyog Professional v12.09 (64 bit)
MySQL - 8.0.40 : Database - campus_entrustment
*********************************************************************
*/

/*!40101 SET NAMES utf8 */;

/*!40101 SET SQL_MODE=''*/;

/*!40014 SET @OLD_UNIQUE_CHECKS=@@UNIQUE_CHECKS, UNIQUE_CHECKS=0 */;
/*!40014 SET @OLD_FOREIGN_KEY_CHECKS=@@FOREIGN_KEY_CHECKS, FOREIGN_KEY_CHECKS=0 */;
/*!40101 SET @OLD_SQL_MODE=@@SQL_MODE, SQL_MODE='NO_AUTO_VALUE_ON_ZERO' */;
/*!40111 SET @OLD_SQL_NOTES=@@SQL_NOTES, SQL_NOTES=0 */;
CREATE DATABASE /*!32312 IF NOT EXISTS*/`campus_entrustment` /*!40100 DEFAULT CHARACTER SET utf8mb4 COLLATE utf8mb4_0900_ai_ci */ /*!80016 DEFAULT ENCRYPTION='N' */;

USE `campus_entrustment`;

/*Table structure for table `adminsettings` */

DROP TABLE IF EXISTS `adminsettings`;

CREATE TABLE `adminsettings` (
  `SettingID` int NOT NULL AUTO_INCREMENT COMMENT '设置ID',
  `SettingKey` varchar(255) NOT NULL COMMENT '设置键',
  `SettingValue` int NOT NULL COMMENT '设置值',
  PRIMARY KEY (`SettingID`),
  UNIQUE KEY `SettingKey` (`SettingKey`)
) ENGINE=InnoDB AUTO_INCREMENT=2 DEFAULT CHARSET=utf8mb4 COLLATE=utf8mb4_0900_ai_ci COMMENT='存储系统管理员相关设置';

/*Data for the table `adminsettings` */

insert  into `adminsettings`(`SettingID`,`SettingKey`,`SettingValue`) values (1,'enable',1);

/*Table structure for table `delegateauditrecords` */

DROP TABLE IF EXISTS `delegateauditrecords`;

CREATE TABLE `delegateauditrecords` (
  `RecordID` int NOT NULL AUTO_INCREMENT COMMENT '审核记录ID',
  `DelegateID` int NOT NULL COMMENT '委托任务ID',
  `UserID` int NOT NULL COMMENT '管理员ID',
  `ReviewStatus` varchar(50) NOT NULL DEFAULT 'pending' COMMENT '审核结果状态“已批准”、“已拒绝”、“待定”',
  `ReviewComment` text COMMENT '审核意见或说明',
  `ReviewTime` datetime DEFAULT CURRENT_TIMESTAMP COMMENT '审核完成时间',
  PRIMARY KEY (`RecordID`)
) ENGINE=InnoDB AUTO_INCREMENT=38 DEFAULT CHARSET=utf8mb4 COLLATE=utf8mb4_0900_ai_ci COMMENT='存储委托信息审核记录';

/*Data for the table `delegateauditrecords` */

insert  into `delegateauditrecords`(`RecordID`,`DelegateID`,`UserID`,`ReviewStatus`,`ReviewComment`,`ReviewTime`) values (1,4,8,'已通过','我觉得可以通过','2024-04-13 18:25:30'),(2,1,8,'已通过','我觉得可以通过','2024-04-13 18:27:32'),(3,101,8,'已通过','我觉得可以通过','2024-04-13 18:40:31'),(4,102,8,'已拒绝','我觉得不可以可以通过','2024-04-13 18:41:23'),(5,114,8,'已通过','我觉得可以可以通过','2024-04-13 19:25:38'),(6,112,8,'已拒绝','我觉得不可以通过','2024-04-13 19:26:33'),(7,3,1,'已拒绝','审核不通过','2024-04-28 21:03:37'),(8,13,1,'已拒绝','审核不通过','2024-04-28 21:04:00'),(9,104,1,'已拒绝','审核不通过','2024-04-28 21:41:05'),(10,105,1,'已拒绝','审核不通过','2024-04-28 21:41:09'),(11,115,1,'已拒绝','审核不通过','2024-05-03 06:30:01'),(12,15,1,'已拒绝','审核不通过','2024-05-08 18:34:10'),(13,117,1,'已拒绝','审核不通过','2024-05-13 15:32:20'),(14,121,1,'已拒绝','审核不通过','2024-05-13 15:36:28'),(15,122,1,'已拒绝','审核不通过','2024-05-13 15:38:49'),(16,123,1,'已拒绝','审核不通过','2024-05-13 15:42:42'),(17,124,1,'已拒绝','已拒绝','2024-05-13 15:47:22'),(18,126,1,'等待发布','已通过','2024-05-13 15:59:00'),(19,129,1,'审核未通过','已拒绝','2024-05-15 17:39:39'),(20,130,1,'已拒绝','审核未通过','2024-05-15 17:48:28'),(21,131,1,'已通过','等待发布','2024-05-16 00:25:33'),(22,132,1,'已通过','等待发布','2024-05-16 15:22:52'),(23,133,1,'已通过','等待发布','2024-05-16 15:22:57'),(24,134,1,'已通过','等待发布','2024-05-17 02:57:25'),(25,135,1,'已通过','等待发布','2024-05-17 08:52:55'),(26,140,1,'已通过','等待发布','2024-05-20 11:16:51'),(27,141,1,'已通过','等待发布','2024-05-20 11:16:54'),(28,136,1,'已通过','等待发布','2024-05-20 11:21:15'),(29,137,1,'已通过','等待发布','2024-05-20 11:21:17'),(30,138,1,'已通过','等待发布','2024-05-20 11:21:20'),(31,139,1,'已通过','等待发布','2024-05-20 11:21:22'),(32,125,1,'已通过','等待发布','2024-05-23 14:27:41'),(33,128,1,'已通过','等待发布','2024-05-23 15:31:49'),(34,146,1,'已通过','等待发布','2024-05-31 00:20:14'),(35,147,1,'已通过','等待发布','2024-05-31 00:20:32'),(36,148,1,'已通过','等待发布','2024-05-31 20:48:12'),(37,149,1,'已通过','等待发布','2024-05-31 21:03:18');

/*Table structure for table `delegation_categories` */

DROP TABLE IF EXISTS `delegation_categories`;

CREATE TABLE `delegation_categories` (
  `category_id` int NOT NULL AUTO_INCREMENT COMMENT '委托类别唯一标识符',
  `category_name` varchar(50) NOT NULL COMMENT '委托类别的名称，要求唯一',
  `category_description` varchar(255) DEFAULT NULL COMMENT '委托类别的详细描述，可为空',
  `IsEnable` tinyint(1) NOT NULL DEFAULT '0' COMMENT '是否启用',
  PRIMARY KEY (`category_id`),
  UNIQUE KEY `category_name` (`category_name`)
) ENGINE=InnoDB AUTO_INCREMENT=21 DEFAULT CHARSET=utf8mb4 COLLATE=utf8mb4_0900_ai_ci COMMENT='用于存储委托类别常量的表';

/*Data for the table `delegation_categories` */

insert  into `delegation_categories`(`category_id`,`category_name`,`category_description`,`IsEnable`) values (1,'学业辅导类','课程辅导、作业辅导、考试复习指导',1),(2,'文书写作类','论文写作、报告撰写、书面翻译等',1),(3,'演讲与表达类','演讲稿撰写、演讲技巧指导、口语表达辅导等',1),(4,'社交活动组织类','校园活动策划、社团活动组织、校园招聘会组织等',1),(5,'技术与设计类','网页设计、图像处理、程序开发、软件调试等',1),(6,'翻译与文案类','口译服务、文本翻译、广告文案撰写等',1),(7,'生活服务类','代购、代取快递、代办事项等',1),(8,'健身与运动类','私教指导、健身计划制定、体能训练等',1),(9,'辅助工作类','办公文员、数据录入、文件整理等',1),(10,'志愿者服务类','社区志愿者、公益活动志愿者、支教志愿者等',1),(12,'测试123','测试',0),(15,'测试添加','12312312312314',0),(16,'测试','测试',0);

/*Table structure for table `employee` */

DROP TABLE IF EXISTS `employee`;

CREATE TABLE `employee` (
  `id` int NOT NULL AUTO_INCREMENT,
  `name` varchar(100) DEFAULT NULL,
  `salary` double(11,2) DEFAULT NULL,
  `date` datetime DEFAULT NULL,
  PRIMARY KEY (`id`)
) ENGINE=InnoDB DEFAULT CHARSET=utf8mb3;

/*Data for the table `employee` */

/*Table structure for table `ip_logs` */

DROP TABLE IF EXISTS `ip_logs`;

CREATE TABLE `ip_logs` (
  `id` int NOT NULL AUTO_INCREMENT,
  `ip_address` varchar(45) NOT NULL COMMENT '客户端的IP地址',
  `access_time` timestamp NULL DEFAULT CURRENT_TIMESTAMP COMMENT '访问时间，记录客户端访问的时间戳',
  `user_agent` varchar(255) DEFAULT NULL COMMENT '客户端的用户代理信息，用于识别客户端类型和浏览器等信息',
  PRIMARY KEY (`id`)
) ENGINE=InnoDB AUTO_INCREMENT=29 DEFAULT CHARSET=utf8mb4 COLLATE=utf8mb4_0900_ai_ci;

/*Data for the table `ip_logs` */

insert  into `ip_logs`(`id`,`ip_address`,`access_time`,`user_agent`) values (1,'0:0:0:0:0:0:0:1','2024-06-10 23:16:52','Mozilla/5.0 (Windows NT 10.0; Win64; x64) AppleWebKit/537.36 (KHTML, like Gecko) Chrome/125.0.0.0 Safari/537.36 Edg/125.0.0.0'),(2,'0:0:0:0:0:0:0:1','2024-06-22 20:25:48','Mozilla/5.0 (Windows NT 10.0; Win64; x64) AppleWebKit/537.36 (KHTML, like Gecko) Chrome/126.0.0.0 Safari/537.36'),(3,'0:0:0:0:0:0:0:1','2024-06-22 23:56:24','Mozilla/5.0 (Windows NT 10.0; Win64; x64) AppleWebKit/537.36 (KHTML, like Gecko) Chrome/126.0.0.0 Safari/537.36'),(4,'0:0:0:0:0:0:0:1','2024-06-23 09:14:11','Mozilla/5.0 (Windows NT 10.0; Win64; x64) AppleWebKit/537.36 (KHTML, like Gecko) Chrome/126.0.0.0 Safari/537.36'),(5,'0:0:0:0:0:0:0:1','2024-06-26 15:39:08','Mozilla/5.0 (Windows NT 10.0; Win64; x64) AppleWebKit/537.36 (KHTML, like Gecko) Chrome/126.0.0.0 Safari/537.36'),(6,'0:0:0:0:0:0:0:1','2024-06-27 10:38:29','Mozilla/5.0 (Windows NT 10.0; Win64; x64) AppleWebKit/537.36 (KHTML, like Gecko) Chrome/126.0.0.0 Safari/537.36'),(7,'0:0:0:0:0:0:0:1','2024-06-28 13:35:01','Mozilla/5.0 (Windows NT 10.0; Win64; x64) AppleWebKit/537.36 (KHTML, like Gecko) Chrome/126.0.0.0 Safari/537.36'),(8,'0:0:0:0:0:0:0:1','2024-06-28 13:35:01','Mozilla/5.0 (Windows NT 10.0; Win64; x64) AppleWebKit/537.36 (KHTML, like Gecko) Chrome/126.0.0.0 Safari/537.36'),(9,'0:0:0:0:0:0:0:1','2024-06-28 23:05:31','Mozilla/5.0 (Windows NT 10.0; Win64; x64) AppleWebKit/537.36 (KHTML, like Gecko) Chrome/126.0.0.0 Safari/537.36'),(10,'0:0:0:0:0:0:0:1','2024-06-28 23:05:31','Mozilla/5.0 (Windows NT 10.0; Win64; x64) AppleWebKit/537.36 (KHTML, like Gecko) Chrome/126.0.0.0 Safari/537.36'),(11,'0:0:0:0:0:0:0:1','2024-06-28 23:07:49','Mozilla/5.0 (Windows NT 10.0; Win64; x64) AppleWebKit/537.36 (KHTML, like Gecko) Chrome/126.0.0.0 Safari/537.36'),(12,'0:0:0:0:0:0:0:1','2024-06-29 22:07:19','Mozilla/5.0 (Windows NT 10.0; Win64; x64) AppleWebKit/537.36 (KHTML, like Gecko) Chrome/126.0.0.0 Safari/537.36'),(13,'0:0:0:0:0:0:0:1','2024-06-29 22:07:19','Mozilla/5.0 (Windows NT 10.0; Win64; x64) AppleWebKit/537.36 (KHTML, like Gecko) Chrome/126.0.0.0 Safari/537.36'),(14,'127.0.0.1','2024-06-29 22:30:31','PostmanRuntime-ApipostRuntime/1.1.0'),(15,'127.0.0.1','2024-06-29 22:35:53','PostmanRuntime-ApipostRuntime/1.1.0'),(16,'127.0.0.1','2024-06-29 22:39:34','PostmanRuntime-ApipostRuntime/1.1.0'),(17,'127.0.0.1','2024-06-29 22:46:12','PostmanRuntime-ApipostRuntime/1.1.0'),(18,'127.0.0.1','2024-06-30 15:36:59','PostmanRuntime-ApipostRuntime/1.1.0'),(19,'127.0.0.1','2024-06-30 15:38:21','PostmanRuntime-ApipostRuntime/1.1.0'),(20,'0:0:0:0:0:0:0:1','2024-07-07 21:20:00','Mozilla/5.0 (Windows NT 10.0; Win64; x64) AppleWebKit/537.36 (KHTML, like Gecko) Chrome/126.0.0.0 Safari/537.36'),(21,'0:0:0:0:0:0:0:1','2024-07-08 14:44:33','Mozilla/5.0 (Windows NT 10.0; Win64; x64) AppleWebKit/537.36 (KHTML, like Gecko) Chrome/126.0.0.0 Safari/537.36'),(22,'0:0:0:0:0:0:0:1','2024-07-14 21:55:14','Mozilla/5.0 (Windows NT 10.0; Win64; x64) AppleWebKit/537.36 (KHTML, like Gecko) Chrome/126.0.0.0 Safari/537.36'),(23,'0:0:0:0:0:0:0:1','2024-07-14 21:58:42','Mozilla/5.0 (Windows NT 10.0; Win64; x64) AppleWebKit/537.36 (KHTML, like Gecko) Chrome/126.0.0.0 Safari/537.36'),(24,'0:0:0:0:0:0:0:1','2024-07-15 09:18:14','Mozilla/5.0 (Windows NT 10.0; Win64; x64) AppleWebKit/537.36 (KHTML, like Gecko) Chrome/126.0.0.0 Safari/537.36'),(25,'0:0:0:0:0:0:0:1','2024-07-19 16:13:08','Mozilla/5.0 (Windows NT 10.0; Win64; x64) AppleWebKit/537.36 (KHTML, like Gecko) Chrome/126.0.0.0 Safari/537.36'),(26,'0:0:0:0:0:0:0:1','2024-07-19 17:56:07','Mozilla/5.0 (Windows NT 10.0; Win64; x64) AppleWebKit/537.36 (KHTML, like Gecko) Chrome/126.0.0.0 Safari/537.36'),(27,'0:0:0:0:0:0:0:1','2024-07-20 12:25:09','Mozilla/5.0 (Windows NT 10.0; Win64; x64) AppleWebKit/537.36 (KHTML, like Gecko) Chrome/126.0.0.0 Safari/537.36'),(28,'0:0:0:0:0:0:0:1','2024-07-20 12:25:09','Mozilla/5.0 (Windows NT 10.0; Win64; x64) AppleWebKit/537.36 (KHTML, like Gecko) Chrome/126.0.0.0 Safari/537.36');

/*Table structure for table `notificationreadstatus` */

DROP TABLE IF EXISTS `notificationreadstatus`;

CREATE TABLE `notificationreadstatus` (
  `id` int NOT NULL AUTO_INCREMENT COMMENT '通知记录ID',
  `NotificationID` int NOT NULL COMMENT '通知ID',
  `TaskID` int DEFAULT NULL COMMENT '相关委托记录',
  `UserID` int NOT NULL COMMENT '通知用户ID',
  `SendTime` datetime DEFAULT NULL COMMENT '发送时间',
  `ReadTime` datetime DEFAULT NULL COMMENT '用户阅读通知的时间',
  `IsRead` tinyint(1) NOT NULL DEFAULT '0' COMMENT '是否已读标志',
  PRIMARY KEY (`id`)
) ENGINE=InnoDB AUTO_INCREMENT=709 DEFAULT CHARSET=utf8mb4 COLLATE=utf8mb4_0900_ai_ci COMMENT='通知表记录用户是否已读通知';

/*Data for the table `notificationreadstatus` */

insert  into `notificationreadstatus`(`id`,`NotificationID`,`TaskID`,`UserID`,`SendTime`,`ReadTime`,`IsRead`) values (163,99,NULL,1,'2024-05-13 17:42:16','2024-05-15 17:08:44',1),(164,99,NULL,2,'2024-05-13 17:42:16','2024-05-19 11:10:00',1),(165,99,NULL,3,'2024-05-13 17:42:16','2024-05-17 08:53:04',1),(166,99,NULL,4,'2024-05-13 17:42:16',NULL,0),(167,99,NULL,5,'2024-05-13 17:42:16',NULL,0),(168,99,NULL,6,'2024-05-13 17:42:16',NULL,0),(170,163,NULL,1,'2024-05-13 17:42:34',NULL,0),(171,163,NULL,2,'2024-05-13 17:42:34',NULL,0),(172,163,NULL,3,'2024-05-13 17:42:34','2024-05-31 18:32:02',1),(173,163,NULL,4,'2024-05-13 17:42:34',NULL,0),(174,163,NULL,5,'2024-05-13 17:42:34',NULL,0),(175,163,NULL,6,'2024-05-13 17:42:34',NULL,0),(176,163,NULL,7,'2024-05-13 17:42:34',NULL,0),(177,108,NULL,1,'2024-05-13 18:08:50','2024-05-19 10:20:21',1),(179,108,NULL,3,'2024-05-13 18:08:50',NULL,0),(180,108,NULL,4,'2024-05-13 18:08:50',NULL,0),(181,108,NULL,5,'2024-05-13 18:08:50',NULL,0),(182,108,NULL,6,'2024-05-13 18:08:50',NULL,0),(183,108,NULL,7,'2024-05-13 18:08:50',NULL,0),(184,31,NULL,1,'2024-05-13 18:09:07','2024-05-15 17:08:02',1),(185,31,NULL,2,'2024-05-13 18:09:07','2024-05-15 17:07:04',1),(186,31,NULL,3,'2024-05-13 18:09:07',NULL,0),(187,31,NULL,4,'2024-05-13 18:09:07',NULL,0),(188,31,NULL,5,'2024-05-13 18:09:07',NULL,0),(189,31,NULL,6,'2024-05-13 18:09:07',NULL,0),(190,31,NULL,7,'2024-05-13 18:09:07',NULL,0),(191,1,132,3,'2024-05-17 00:15:52',NULL,0),(192,1,132,4,'2024-05-17 00:15:52',NULL,0),(193,1,134,3,'2024-05-17 02:59:14',NULL,0),(194,116,NULL,2,'2024-05-19 10:28:46','2024-05-31 18:46:31',1),(195,117,NULL,131,'2024-05-19 11:08:10',NULL,0),(196,118,8,1,'2024-05-23 14:10:01',NULL,0),(197,119,8,1,'2024-05-23 14:10:05',NULL,0),(198,120,8,1,'2024-05-23 14:10:08',NULL,0),(199,121,8,1,'2024-05-23 14:10:48',NULL,0),(200,122,8,1,'2024-05-23 14:10:50',NULL,0),(201,1,NULL,1,NULL,'2024-05-26 14:14:37',0),(202,2,NULL,2,NULL,'2024-05-27 14:14:37',0),(203,3,NULL,3,NULL,'2024-05-28 14:14:37',0),(204,4,NULL,4,NULL,'2024-05-29 14:14:37',0),(205,5,NULL,5,NULL,'2024-05-30 14:14:37',0),(206,6,NULL,6,NULL,'2024-05-31 14:14:37',0),(207,7,NULL,7,NULL,'2024-06-01 14:14:37',0),(208,8,NULL,8,NULL,'2024-06-02 14:14:37',0),(209,9,NULL,9,NULL,'2024-06-03 14:14:37',0),(210,10,NULL,10,NULL,'2024-06-04 14:14:37',0),(211,11,NULL,11,NULL,'2024-06-05 14:14:37',0),(212,12,NULL,12,NULL,'2024-06-06 14:14:37',0),(213,13,NULL,13,NULL,'2024-06-07 14:14:37',0),(214,14,NULL,14,NULL,'2024-06-08 14:14:37',0),(215,15,NULL,15,NULL,'2024-06-09 14:14:37',0),(216,16,NULL,16,NULL,'2024-06-10 14:14:37',0),(217,17,NULL,17,NULL,'2024-06-11 14:14:37',0),(218,18,NULL,18,NULL,'2024-06-12 14:14:37',0),(219,19,NULL,19,NULL,'2024-06-13 14:14:37',0),(220,20,NULL,20,NULL,'2024-06-14 14:14:37',0),(221,21,NULL,21,NULL,'2024-06-15 14:14:37',0),(222,22,NULL,22,NULL,'2024-06-16 14:14:37',0),(223,23,NULL,23,NULL,'2024-06-17 14:14:37',0),(224,24,NULL,24,NULL,'2024-06-18 14:14:37',0),(225,25,NULL,25,NULL,'2024-06-19 14:14:37',0),(226,26,NULL,26,NULL,'2024-06-20 14:14:37',0),(227,27,NULL,27,NULL,'2024-06-21 14:14:37',0),(228,28,NULL,28,NULL,'2024-06-22 14:14:37',0),(229,29,NULL,29,NULL,'2024-06-23 14:14:37',0),(230,30,NULL,30,NULL,'2024-06-24 14:14:37',0),(231,31,NULL,31,NULL,'2024-06-25 14:14:37',0),(232,32,NULL,32,NULL,'2024-06-26 14:14:37',0),(233,33,NULL,33,NULL,'2024-06-27 14:14:37',0),(234,34,NULL,34,NULL,'2024-06-28 14:14:37',0),(235,35,NULL,35,NULL,'2024-06-29 14:14:37',0),(236,36,NULL,36,NULL,'2024-06-30 14:14:37',0),(237,37,NULL,37,NULL,'2024-07-01 14:14:37',0),(238,38,NULL,38,NULL,'2024-07-02 14:14:37',0),(239,39,NULL,39,NULL,'2024-07-03 14:14:37',0),(240,40,NULL,40,NULL,'2024-07-04 14:14:37',0),(241,41,NULL,41,NULL,'2024-07-05 14:14:37',0),(242,42,NULL,42,NULL,'2024-07-06 14:14:37',0),(243,43,NULL,43,NULL,'2024-07-07 14:14:37',0),(244,44,NULL,44,NULL,'2024-07-08 14:14:37',0),(245,45,NULL,45,NULL,'2024-07-09 14:14:37',0),(246,46,NULL,46,NULL,'2024-07-10 14:14:37',0),(247,47,NULL,47,NULL,'2024-07-11 14:14:37',0),(248,48,NULL,48,NULL,'2024-07-12 14:14:37',0),(249,49,NULL,49,NULL,'2024-07-13 14:14:37',0),(250,50,NULL,50,NULL,'2024-07-14 14:14:37',0),(251,51,NULL,51,NULL,'2024-07-15 14:14:37',0),(252,52,NULL,52,NULL,'2024-07-16 14:14:37',0),(253,53,NULL,53,NULL,'2024-07-17 14:14:37',0),(254,54,NULL,54,NULL,'2024-07-18 14:14:37',0),(255,55,NULL,55,NULL,'2024-07-19 14:14:37',0),(256,56,NULL,56,NULL,'2024-07-20 14:14:37',0),(257,57,NULL,57,NULL,'2024-07-21 14:14:37',0),(258,58,NULL,58,NULL,'2024-07-22 14:14:37',0),(259,59,NULL,59,NULL,'2024-07-23 14:14:37',0),(260,60,NULL,60,NULL,'2024-07-24 14:14:37',0),(261,61,NULL,61,NULL,'2024-07-25 14:14:37',0),(262,62,NULL,62,NULL,'2024-07-26 14:14:37',0),(263,63,NULL,63,NULL,'2024-07-27 14:14:37',0),(264,64,NULL,64,NULL,'2024-07-28 14:14:37',0),(265,65,NULL,65,NULL,'2024-07-29 14:14:37',0),(266,66,NULL,66,NULL,'2024-07-30 14:14:37',0),(267,67,NULL,67,NULL,'2024-07-31 14:14:37',0),(268,68,NULL,68,NULL,'2024-08-01 14:14:37',0),(269,69,NULL,69,NULL,'2024-08-02 14:14:37',0),(270,70,NULL,70,NULL,'2024-08-03 14:14:37',0),(271,71,NULL,71,NULL,'2024-08-04 14:14:37',0),(272,72,NULL,72,NULL,'2024-08-05 14:14:37',0),(273,73,NULL,73,NULL,'2024-08-06 14:14:37',0),(274,74,NULL,74,NULL,'2024-08-07 14:14:37',0),(275,75,NULL,75,NULL,'2024-08-08 14:14:37',0),(276,76,NULL,76,NULL,'2024-08-09 14:14:37',0),(277,77,NULL,77,NULL,'2024-08-10 14:14:37',0),(278,78,NULL,78,NULL,'2024-08-11 14:14:37',0),(279,79,NULL,79,NULL,'2024-08-12 14:14:37',0),(280,80,NULL,80,NULL,'2024-08-13 14:14:37',0),(281,81,NULL,81,NULL,'2024-08-14 14:14:37',0),(282,82,NULL,82,NULL,'2024-08-15 14:14:37',0),(283,83,NULL,83,NULL,'2024-08-16 14:14:37',0),(284,84,NULL,84,NULL,'2024-08-17 14:14:38',0),(285,85,NULL,85,NULL,'2024-08-18 14:14:38',0),(286,86,NULL,86,NULL,'2024-08-19 14:14:38',0),(287,87,NULL,87,NULL,'2024-08-20 14:14:38',0),(288,88,NULL,88,NULL,'2024-08-21 14:14:38',0),(289,89,NULL,89,NULL,'2024-08-22 14:14:38',0),(290,90,NULL,90,NULL,'2024-08-23 14:14:38',0),(291,91,NULL,91,NULL,'2024-08-24 14:14:38',0),(292,92,NULL,92,NULL,'2024-08-25 14:14:38',0),(293,93,NULL,93,NULL,'2024-08-26 14:14:38',0),(294,94,NULL,94,NULL,'2024-08-27 14:14:38',0),(295,95,NULL,95,NULL,'2024-08-28 14:14:38',0),(296,96,NULL,96,NULL,'2024-08-29 14:14:38',0),(297,97,NULL,97,NULL,'2024-08-30 14:14:38',0),(298,98,NULL,98,NULL,'2024-08-31 14:14:38',0),(299,99,NULL,99,NULL,'2024-09-01 14:14:38',0),(300,1,NULL,1,NULL,'2024-05-27 21:19:11',0),(301,2,NULL,2,NULL,'2024-05-28 21:19:11',0),(302,3,NULL,3,NULL,'2024-05-29 21:19:11',0),(303,4,NULL,4,NULL,'2024-05-30 21:19:11',0),(304,5,NULL,5,NULL,'2024-05-31 21:19:11',0),(305,6,NULL,6,NULL,'2024-06-01 21:19:11',0),(306,7,NULL,7,NULL,'2024-06-02 21:19:11',0),(307,8,NULL,8,NULL,'2024-06-03 21:19:11',0),(308,9,NULL,9,NULL,'2024-06-04 21:19:11',0),(309,10,NULL,10,NULL,'2024-06-05 21:19:11',0),(310,11,NULL,11,NULL,'2024-06-06 21:19:11',0),(311,12,NULL,12,NULL,'2024-06-07 21:19:11',0),(312,13,NULL,13,NULL,'2024-06-08 21:19:11',0),(313,14,NULL,14,NULL,'2024-06-09 21:19:11',0),(314,15,NULL,15,NULL,'2024-06-10 21:19:11',0),(315,16,NULL,16,NULL,'2024-06-11 21:19:11',0),(316,17,NULL,17,NULL,'2024-06-12 21:19:11',0),(317,18,NULL,18,NULL,'2024-06-13 21:19:11',0),(318,19,NULL,19,NULL,'2024-06-14 21:19:11',0),(319,20,NULL,20,NULL,'2024-06-15 21:19:11',0),(320,21,NULL,21,NULL,'2024-06-16 21:19:11',0),(321,22,NULL,22,NULL,'2024-06-17 21:19:11',0),(322,23,NULL,23,NULL,'2024-06-18 21:19:11',0),(323,24,NULL,24,NULL,'2024-06-19 21:19:11',0),(324,25,NULL,25,NULL,'2024-06-20 21:19:11',0),(325,26,NULL,26,NULL,'2024-06-21 21:19:11',0),(326,27,NULL,27,NULL,'2024-06-22 21:19:11',0),(327,28,NULL,28,NULL,'2024-06-23 21:19:11',0),(328,29,NULL,29,NULL,'2024-06-24 21:19:11',0),(329,30,NULL,30,NULL,'2024-06-25 21:19:11',0),(330,31,NULL,31,NULL,'2024-06-26 21:19:11',0),(331,32,NULL,32,NULL,'2024-06-27 21:19:11',0),(332,33,NULL,33,NULL,'2024-06-28 21:19:11',0),(333,34,NULL,34,NULL,'2024-06-29 21:19:11',0),(334,35,NULL,35,NULL,'2024-06-30 21:19:11',0),(335,36,NULL,36,NULL,'2024-07-01 21:19:11',0),(336,37,NULL,37,NULL,'2024-07-02 21:19:11',0),(337,38,NULL,38,NULL,'2024-07-03 21:19:11',0),(338,39,NULL,39,NULL,'2024-07-04 21:19:11',0),(339,40,NULL,40,NULL,'2024-07-05 21:19:11',0),(340,41,NULL,41,NULL,'2024-07-06 21:19:11',0),(341,42,NULL,42,NULL,'2024-07-07 21:19:11',0),(342,43,NULL,43,NULL,'2024-07-08 21:19:11',0),(343,44,NULL,44,NULL,'2024-07-09 21:19:11',0),(344,45,NULL,45,NULL,'2024-07-10 21:19:12',0),(345,46,NULL,46,NULL,'2024-07-11 21:19:12',0),(346,47,NULL,47,NULL,'2024-07-12 21:19:12',0),(347,48,NULL,48,NULL,'2024-07-13 21:19:12',0),(348,49,NULL,49,NULL,'2024-07-14 21:19:12',0),(349,50,NULL,50,NULL,'2024-07-15 21:19:12',0),(350,51,NULL,51,NULL,'2024-07-16 21:19:12',0),(351,52,NULL,52,NULL,'2024-07-17 21:19:12',0),(352,53,NULL,53,NULL,'2024-07-18 21:19:12',0),(353,54,NULL,54,NULL,'2024-07-19 21:19:12',0),(354,55,NULL,55,NULL,'2024-07-20 21:19:12',0),(355,56,NULL,56,NULL,'2024-07-21 21:19:12',0),(356,57,NULL,57,NULL,'2024-07-22 21:19:12',0),(357,58,NULL,58,NULL,'2024-07-23 21:19:12',0),(358,59,NULL,59,NULL,'2024-07-24 21:19:12',0),(359,60,NULL,60,NULL,'2024-07-25 21:19:12',0),(360,61,NULL,61,NULL,'2024-07-26 21:19:12',0),(361,62,NULL,62,NULL,'2024-07-27 21:19:12',0),(362,63,NULL,63,NULL,'2024-07-28 21:19:12',0),(363,64,NULL,64,NULL,'2024-07-29 21:19:12',0),(364,65,NULL,65,NULL,'2024-07-30 21:19:12',0),(365,66,NULL,66,NULL,'2024-07-31 21:19:12',0),(366,67,NULL,67,NULL,'2024-08-01 21:19:12',0),(367,68,NULL,68,NULL,'2024-08-02 21:19:12',0),(368,69,NULL,69,NULL,'2024-08-03 21:19:12',0),(369,70,NULL,70,NULL,'2024-08-04 21:19:12',0),(370,71,NULL,71,NULL,'2024-08-05 21:19:12',0),(371,72,NULL,72,NULL,'2024-08-06 21:19:12',0),(372,73,NULL,73,NULL,'2024-08-07 21:19:12',0),(373,74,NULL,74,NULL,'2024-08-08 21:19:12',0),(374,75,NULL,75,NULL,'2024-08-09 21:19:12',0),(375,76,NULL,76,NULL,'2024-08-10 21:19:12',0),(376,77,NULL,77,NULL,'2024-08-11 21:19:12',0),(377,78,NULL,78,NULL,'2024-08-12 21:19:12',0),(378,79,NULL,79,NULL,'2024-08-13 21:19:12',0),(379,80,NULL,80,NULL,'2024-08-14 21:19:12',0),(380,81,NULL,81,NULL,'2024-08-15 21:19:12',0),(381,82,NULL,82,NULL,'2024-08-16 21:19:12',0),(382,83,NULL,83,NULL,'2024-08-17 21:19:12',0),(383,84,NULL,84,NULL,'2024-08-18 21:19:12',0),(384,85,NULL,85,NULL,'2024-08-19 21:19:12',0),(385,86,NULL,86,NULL,'2024-08-20 21:19:12',0),(386,87,NULL,87,NULL,'2024-08-21 21:19:12',0),(387,88,NULL,88,NULL,'2024-08-22 21:19:12',0),(388,89,NULL,89,NULL,'2024-08-23 21:19:12',0),(389,90,NULL,90,NULL,'2024-08-24 21:19:12',0),(390,91,NULL,91,NULL,'2024-08-25 21:19:12',0),(391,92,NULL,92,NULL,'2024-08-26 21:19:12',0),(392,93,NULL,93,NULL,'2024-08-27 21:19:12',0),(393,94,NULL,94,NULL,'2024-08-28 21:19:12',0),(394,95,NULL,95,NULL,'2024-08-29 21:19:12',0),(395,96,NULL,96,NULL,'2024-08-30 21:19:12',0),(396,97,NULL,97,NULL,'2024-08-31 21:19:12',0),(397,98,NULL,98,NULL,'2024-09-01 21:19:12',0),(398,99,NULL,99,NULL,'2024-09-02 21:19:12',0),(399,1,NULL,1,NULL,'2024-05-27 21:28:07',0),(400,2,NULL,2,NULL,'2024-05-28 21:28:07',0),(401,3,NULL,3,NULL,'2024-05-29 21:28:07',0),(402,4,NULL,4,NULL,'2024-05-30 21:28:07',0),(403,5,NULL,5,NULL,'2024-05-31 21:28:07',0),(404,6,NULL,6,NULL,'2024-06-01 21:28:07',0),(405,7,NULL,7,NULL,'2024-06-02 21:28:07',0),(406,8,NULL,8,NULL,'2024-06-03 21:28:07',0),(407,9,NULL,9,NULL,'2024-06-04 21:28:07',0),(408,10,NULL,10,NULL,'2024-06-05 21:28:07',0),(409,11,NULL,11,NULL,'2024-06-06 21:28:07',0),(410,12,NULL,12,NULL,'2024-06-07 21:28:07',0),(411,13,NULL,13,NULL,'2024-06-08 21:28:07',0),(412,14,NULL,14,NULL,'2024-06-09 21:28:07',0),(413,15,NULL,15,NULL,'2024-06-10 21:28:07',0),(414,16,NULL,16,NULL,'2024-06-11 21:28:07',0),(415,17,NULL,17,NULL,'2024-06-12 21:28:07',0),(416,18,NULL,18,NULL,'2024-06-13 21:28:07',0),(417,19,NULL,19,NULL,'2024-06-14 21:28:07',0),(418,20,NULL,20,NULL,'2024-06-15 21:28:07',0),(419,21,NULL,21,NULL,'2024-06-16 21:28:07',0),(420,22,NULL,22,NULL,'2024-06-17 21:28:07',0),(421,23,NULL,23,NULL,'2024-06-18 21:28:07',0),(422,24,NULL,24,NULL,'2024-06-19 21:28:07',0),(423,25,NULL,25,NULL,'2024-06-20 21:28:07',0),(424,26,NULL,26,NULL,'2024-06-21 21:28:07',0),(425,27,NULL,27,NULL,'2024-06-22 21:28:07',0),(426,28,NULL,28,NULL,'2024-06-23 21:28:07',0),(427,29,NULL,29,NULL,'2024-06-24 21:28:07',0),(428,30,NULL,30,NULL,'2024-06-25 21:28:07',0),(429,31,NULL,31,NULL,'2024-06-26 21:28:07',0),(430,32,NULL,32,NULL,'2024-06-27 21:28:07',0),(431,33,NULL,33,NULL,'2024-06-28 21:28:07',0),(432,34,NULL,34,NULL,'2024-06-29 21:28:07',0),(433,35,NULL,35,NULL,'2024-06-30 21:28:07',0),(434,36,NULL,36,NULL,'2024-07-01 21:28:07',0),(435,37,NULL,37,NULL,'2024-07-02 21:28:07',0),(436,38,NULL,38,NULL,'2024-07-03 21:28:07',0),(437,39,NULL,39,NULL,'2024-07-04 21:28:07',0),(438,40,NULL,40,NULL,'2024-07-05 21:28:07',0),(439,41,NULL,41,NULL,'2024-07-06 21:28:07',0),(440,42,NULL,42,NULL,'2024-07-07 21:28:07',0),(441,43,NULL,43,NULL,'2024-07-08 21:28:07',0),(442,44,NULL,44,NULL,'2024-07-09 21:28:07',0),(443,45,NULL,45,NULL,'2024-07-10 21:28:07',0),(444,46,NULL,46,NULL,'2024-07-11 21:28:07',0),(445,47,NULL,47,NULL,'2024-07-12 21:28:07',0),(446,48,NULL,48,NULL,'2024-07-13 21:28:07',0),(447,49,NULL,49,NULL,'2024-07-14 21:28:07',0),(448,50,NULL,50,NULL,'2024-07-15 21:28:07',0),(449,51,NULL,51,NULL,'2024-07-16 21:28:07',0),(450,52,NULL,52,NULL,'2024-07-17 21:28:07',0),(451,53,NULL,53,NULL,'2024-07-18 21:28:07',0),(452,54,NULL,54,NULL,'2024-07-19 21:28:07',0),(453,55,NULL,55,NULL,'2024-07-20 21:28:07',0),(454,56,NULL,56,NULL,'2024-07-21 21:28:07',0),(455,57,NULL,57,NULL,'2024-07-22 21:28:07',0),(456,58,NULL,58,NULL,'2024-07-23 21:28:07',0),(457,59,NULL,59,NULL,'2024-07-24 21:28:07',0),(458,60,NULL,60,NULL,'2024-07-25 21:28:07',0),(459,61,NULL,61,NULL,'2024-07-26 21:28:07',0),(460,62,NULL,62,NULL,'2024-07-27 21:28:07',0),(461,63,NULL,63,NULL,'2024-07-28 21:28:07',0),(462,64,NULL,64,NULL,'2024-07-29 21:28:07',0),(463,65,NULL,65,NULL,'2024-07-30 21:28:07',0),(464,66,NULL,66,NULL,'2024-07-31 21:28:07',0),(465,67,NULL,67,NULL,'2024-08-01 21:28:07',0),(466,68,NULL,68,NULL,'2024-08-02 21:28:07',0),(467,69,NULL,69,NULL,'2024-08-03 21:28:07',0),(468,70,NULL,70,NULL,'2024-08-04 21:28:07',0),(469,71,NULL,71,NULL,'2024-08-05 21:28:07',0),(470,72,NULL,72,NULL,'2024-08-06 21:28:07',0),(471,73,NULL,73,NULL,'2024-08-07 21:28:07',0),(472,74,NULL,74,NULL,'2024-08-08 21:28:07',0),(473,75,NULL,75,NULL,'2024-08-09 21:28:07',0),(474,76,NULL,76,NULL,'2024-08-10 21:28:07',0),(475,77,NULL,77,NULL,'2024-08-11 21:28:07',0),(476,78,NULL,78,NULL,'2024-08-12 21:28:07',0),(477,79,NULL,79,NULL,'2024-08-13 21:28:07',0),(478,80,NULL,80,NULL,'2024-08-14 21:28:07',0),(479,81,NULL,81,NULL,'2024-08-15 21:28:07',0),(480,82,NULL,82,NULL,'2024-08-16 21:28:07',0),(481,83,NULL,83,NULL,'2024-08-17 21:28:07',0),(482,84,NULL,84,NULL,'2024-08-18 21:28:07',0),(483,85,NULL,85,NULL,'2024-08-19 21:28:07',0),(484,86,NULL,86,NULL,'2024-08-20 21:28:07',0),(485,87,NULL,87,NULL,'2024-08-21 21:28:07',0),(486,88,NULL,88,NULL,'2024-08-22 21:28:07',0),(487,89,NULL,89,NULL,'2024-08-23 21:28:07',0),(488,90,NULL,90,NULL,'2024-08-24 21:28:07',0),(489,91,NULL,91,NULL,'2024-08-25 21:28:07',0),(490,92,NULL,92,NULL,'2024-08-26 21:28:07',0),(491,93,NULL,93,NULL,'2024-08-27 21:28:07',0),(492,94,NULL,94,NULL,'2024-08-28 21:28:07',0),(493,95,NULL,95,NULL,'2024-08-29 21:28:07',0),(494,96,NULL,96,NULL,'2024-08-30 21:28:07',0),(495,97,NULL,97,NULL,'2024-08-31 21:28:07',0),(496,98,NULL,98,NULL,'2024-09-01 21:28:07',0),(497,99,NULL,99,NULL,'2024-09-02 21:28:07',0),(498,1,NULL,1,NULL,'2024-05-27 21:37:21',0),(499,2,NULL,2,NULL,'2024-05-28 21:37:21',0),(500,3,NULL,3,NULL,'2024-05-29 21:37:21',0),(501,4,NULL,4,NULL,'2024-05-30 21:37:21',0),(502,5,NULL,5,NULL,'2024-05-31 21:37:21',0),(503,6,NULL,6,NULL,'2024-06-01 21:37:21',0),(504,7,NULL,7,NULL,'2024-06-02 21:37:21',0),(505,8,NULL,8,NULL,'2024-06-03 21:37:21',0),(506,9,NULL,9,NULL,'2024-06-04 21:37:21',0),(507,10,NULL,10,NULL,'2024-06-05 21:37:21',0),(508,11,NULL,11,NULL,'2024-06-06 21:37:21',0),(509,12,NULL,12,NULL,'2024-06-07 21:37:21',0),(510,13,NULL,13,NULL,'2024-06-08 21:37:21',0),(511,14,NULL,14,NULL,'2024-06-09 21:37:21',0),(512,15,NULL,15,NULL,'2024-06-10 21:37:21',0),(513,16,NULL,16,NULL,'2024-06-11 21:37:21',0),(514,17,NULL,17,NULL,'2024-06-12 21:37:21',0),(515,18,NULL,18,NULL,'2024-06-13 21:37:21',0),(516,19,NULL,19,NULL,'2024-06-14 21:37:21',0),(517,20,NULL,20,NULL,'2024-06-15 21:37:21',0),(518,21,NULL,21,NULL,'2024-06-16 21:37:21',0),(519,22,NULL,22,NULL,'2024-06-17 21:37:21',0),(520,23,NULL,23,NULL,'2024-06-18 21:37:21',0),(521,24,NULL,24,NULL,'2024-06-19 21:37:21',0),(522,25,NULL,25,NULL,'2024-06-20 21:37:21',0),(523,26,NULL,26,NULL,'2024-06-21 21:37:21',0),(524,27,NULL,27,NULL,'2024-06-22 21:37:21',0),(525,28,NULL,28,NULL,'2024-06-23 21:37:21',0),(526,29,NULL,29,NULL,'2024-06-24 21:37:21',0),(527,30,NULL,30,NULL,'2024-06-25 21:37:21',0),(528,31,NULL,31,NULL,'2024-06-26 21:37:21',0),(529,32,NULL,32,NULL,'2024-06-27 21:37:21',0),(530,33,NULL,33,NULL,'2024-06-28 21:37:21',0),(531,34,NULL,34,NULL,'2024-06-29 21:37:21',0),(532,35,NULL,35,NULL,'2024-06-30 21:37:21',0),(533,36,NULL,36,NULL,'2024-07-01 21:37:21',0),(534,37,NULL,37,NULL,'2024-07-02 21:37:21',0),(535,38,NULL,38,NULL,'2024-07-03 21:37:21',0),(536,39,NULL,39,NULL,'2024-07-04 21:37:21',0),(537,40,NULL,40,NULL,'2024-07-05 21:37:21',0),(538,41,NULL,41,NULL,'2024-07-06 21:37:21',0),(539,42,NULL,42,NULL,'2024-07-07 21:37:21',0),(540,43,NULL,43,NULL,'2024-07-08 21:37:21',0),(541,44,NULL,44,NULL,'2024-07-09 21:37:21',0),(542,45,NULL,45,NULL,'2024-07-10 21:37:21',0),(543,46,NULL,46,NULL,'2024-07-11 21:37:21',0),(544,47,NULL,47,NULL,'2024-07-12 21:37:21',0),(545,48,NULL,48,NULL,'2024-07-13 21:37:21',0),(546,49,NULL,49,NULL,'2024-07-14 21:37:21',0),(547,50,NULL,50,NULL,'2024-07-15 21:37:21',0),(548,51,NULL,51,NULL,'2024-07-16 21:37:21',0),(549,52,NULL,52,NULL,'2024-07-17 21:37:21',0),(550,53,NULL,53,NULL,'2024-07-18 21:37:21',0),(551,54,NULL,54,NULL,'2024-07-19 21:37:21',0),(552,55,NULL,55,NULL,'2024-07-20 21:37:21',0),(553,56,NULL,56,NULL,'2024-07-21 21:37:21',0),(554,57,NULL,57,NULL,'2024-07-22 21:37:21',0),(555,58,NULL,58,NULL,'2024-07-23 21:37:21',0),(556,59,NULL,59,NULL,'2024-07-24 21:37:21',0),(557,60,NULL,60,NULL,'2024-07-25 21:37:21',0),(558,61,NULL,61,NULL,'2024-07-26 21:37:21',0),(559,62,NULL,62,NULL,'2024-07-27 21:37:21',0),(560,63,NULL,63,NULL,'2024-07-28 21:37:21',0),(561,64,NULL,64,NULL,'2024-07-29 21:37:21',0),(562,65,NULL,65,NULL,'2024-07-30 21:37:21',0),(563,66,NULL,66,NULL,'2024-07-31 21:37:21',0),(564,67,NULL,67,NULL,'2024-08-01 21:37:21',0),(565,68,NULL,68,NULL,'2024-08-02 21:37:21',0),(566,69,NULL,69,NULL,'2024-08-03 21:37:21',0),(567,70,NULL,70,NULL,'2024-08-04 21:37:21',0),(568,71,NULL,71,NULL,'2024-08-05 21:37:21',0),(569,72,NULL,72,NULL,'2024-08-06 21:37:21',0),(570,73,NULL,73,NULL,'2024-08-07 21:37:21',0),(571,74,NULL,74,NULL,'2024-08-08 21:37:21',0),(572,75,NULL,75,NULL,'2024-08-09 21:37:21',0),(573,76,NULL,76,NULL,'2024-08-10 21:37:21',0),(574,77,NULL,77,NULL,'2024-08-11 21:37:21',0),(575,78,NULL,78,NULL,'2024-08-12 21:37:21',0),(576,79,NULL,79,NULL,'2024-08-13 21:37:21',0),(577,80,NULL,80,NULL,'2024-08-14 21:37:21',0),(578,81,NULL,81,NULL,'2024-08-15 21:37:21',0),(579,82,NULL,82,NULL,'2024-08-16 21:37:21',0),(580,83,NULL,83,NULL,'2024-08-17 21:37:21',0),(581,84,NULL,84,NULL,'2024-08-18 21:37:21',0),(582,85,NULL,85,NULL,'2024-08-19 21:37:21',0),(583,86,NULL,86,NULL,'2024-08-20 21:37:21',0),(584,87,NULL,87,NULL,'2024-08-21 21:37:21',0),(585,88,NULL,88,NULL,'2024-08-22 21:37:21',0),(586,89,NULL,89,NULL,'2024-08-23 21:37:21',0),(587,90,NULL,90,NULL,'2024-08-24 21:37:21',0),(588,91,NULL,91,NULL,'2024-08-25 21:37:21',0),(589,92,NULL,92,NULL,'2024-08-26 21:37:21',0),(590,93,NULL,93,NULL,'2024-08-27 21:37:21',0),(591,94,NULL,94,NULL,'2024-08-28 21:37:21',0),(592,95,NULL,95,NULL,'2024-08-29 21:37:21',0),(593,96,NULL,96,NULL,'2024-08-30 21:37:21',0),(594,97,NULL,97,NULL,'2024-08-31 21:37:21',0),(595,98,NULL,98,NULL,'2024-09-01 21:37:21',0),(596,99,NULL,99,NULL,'2024-09-02 21:37:21',0),(597,523,NULL,1,'2024-05-29 14:46:50',NULL,0),(598,524,NULL,1,'2024-05-29 14:46:53',NULL,0),(599,525,NULL,1,'2024-05-29 14:46:55',NULL,0),(600,526,NULL,1,'2024-05-29 14:46:58',NULL,0),(601,527,125,2,'2024-05-31 18:35:53','2024-05-31 18:46:28',1),(602,528,2,1,'2024-05-31 18:39:44',NULL,0),(603,529,2,1,'2024-05-31 18:40:23',NULL,0),(604,530,2,1,'2024-05-31 18:40:41',NULL,0),(605,531,2,1,'2024-05-31 18:40:44',NULL,0),(606,532,2,1,'2024-05-31 18:40:48',NULL,0),(607,533,2,1,'2024-05-31 18:41:18',NULL,0),(608,534,2,1,'2024-05-31 18:42:41',NULL,0),(609,535,2,1,'2024-05-31 18:52:20',NULL,0),(610,1,NULL,1,NULL,'2024-07-09 13:59:02',0),(611,2,NULL,2,NULL,'2024-07-10 13:59:02',0),(612,3,NULL,3,NULL,'2024-07-11 13:59:02',0),(613,4,NULL,4,NULL,'2024-07-12 13:59:02',0),(614,5,NULL,5,NULL,'2024-07-13 13:59:02',0),(615,6,NULL,6,NULL,'2024-07-14 13:59:02',0),(616,7,NULL,7,NULL,'2024-07-15 13:59:02',0),(617,8,NULL,8,NULL,'2024-07-16 13:59:02',0),(618,9,NULL,9,NULL,'2024-07-17 13:59:02',0),(619,10,NULL,10,NULL,'2024-07-18 13:59:02',0),(620,11,NULL,11,NULL,'2024-07-19 13:59:02',0),(621,12,NULL,12,NULL,'2024-07-20 13:59:02',0),(622,13,NULL,13,NULL,'2024-07-21 13:59:02',0),(623,14,NULL,14,NULL,'2024-07-22 13:59:02',0),(624,15,NULL,15,NULL,'2024-07-23 13:59:02',0),(625,16,NULL,16,NULL,'2024-07-24 13:59:02',0),(626,17,NULL,17,NULL,'2024-07-25 13:59:02',0),(627,18,NULL,18,NULL,'2024-07-26 13:59:02',0),(628,19,NULL,19,NULL,'2024-07-27 13:59:02',0),(629,20,NULL,20,NULL,'2024-07-28 13:59:02',0),(630,21,NULL,21,NULL,'2024-07-29 13:59:02',0),(631,22,NULL,22,NULL,'2024-07-30 13:59:02',0),(632,23,NULL,23,NULL,'2024-07-31 13:59:02',0),(633,24,NULL,24,NULL,'2024-08-01 13:59:02',0),(634,25,NULL,25,NULL,'2024-08-02 13:59:02',0),(635,26,NULL,26,NULL,'2024-08-03 13:59:02',0),(636,27,NULL,27,NULL,'2024-08-04 13:59:02',0),(637,28,NULL,28,NULL,'2024-08-05 13:59:02',0),(638,29,NULL,29,NULL,'2024-08-06 13:59:02',0),(639,30,NULL,30,NULL,'2024-08-07 13:59:02',0),(640,31,NULL,31,NULL,'2024-08-08 13:59:02',0),(641,32,NULL,32,NULL,'2024-08-09 13:59:02',0),(642,33,NULL,33,NULL,'2024-08-10 13:59:02',0),(643,34,NULL,34,NULL,'2024-08-11 13:59:02',0),(644,35,NULL,35,NULL,'2024-08-12 13:59:02',0),(645,36,NULL,36,NULL,'2024-08-13 13:59:02',0),(646,37,NULL,37,NULL,'2024-08-14 13:59:02',0),(647,38,NULL,38,NULL,'2024-08-15 13:59:02',0),(648,39,NULL,39,NULL,'2024-08-16 13:59:02',0),(649,40,NULL,40,NULL,'2024-08-17 13:59:02',0),(650,41,NULL,41,NULL,'2024-08-18 13:59:02',0),(651,42,NULL,42,NULL,'2024-08-19 13:59:02',0),(652,43,NULL,43,NULL,'2024-08-20 13:59:02',0),(653,44,NULL,44,NULL,'2024-08-21 13:59:02',0),(654,45,NULL,45,NULL,'2024-08-22 13:59:02',0),(655,46,NULL,46,NULL,'2024-08-23 13:59:02',0),(656,47,NULL,47,NULL,'2024-08-24 13:59:02',0),(657,48,NULL,48,NULL,'2024-08-25 13:59:02',0),(658,49,NULL,49,NULL,'2024-08-26 13:59:02',0),(659,50,NULL,50,NULL,'2024-08-27 13:59:02',0),(660,51,NULL,51,NULL,'2024-08-28 13:59:02',0),(661,52,NULL,52,NULL,'2024-08-29 13:59:02',0),(662,53,NULL,53,NULL,'2024-08-30 13:59:02',0),(663,54,NULL,54,NULL,'2024-08-31 13:59:02',0),(664,55,NULL,55,NULL,'2024-09-01 13:59:02',0),(665,56,NULL,56,NULL,'2024-09-02 13:59:02',0),(666,57,NULL,57,NULL,'2024-09-03 13:59:02',0),(667,58,NULL,58,NULL,'2024-09-04 13:59:02',0),(668,59,NULL,59,NULL,'2024-09-05 13:59:02',0),(669,60,NULL,60,NULL,'2024-09-06 13:59:02',0),(670,61,NULL,61,NULL,'2024-09-07 13:59:02',0),(671,62,NULL,62,NULL,'2024-09-08 13:59:02',0),(672,63,NULL,63,NULL,'2024-09-09 13:59:02',0),(673,64,NULL,64,NULL,'2024-09-10 13:59:02',0),(674,65,NULL,65,NULL,'2024-09-11 13:59:02',0),(675,66,NULL,66,NULL,'2024-09-12 13:59:02',0),(676,67,NULL,67,NULL,'2024-09-13 13:59:02',0),(677,68,NULL,68,NULL,'2024-09-14 13:59:02',0),(678,69,NULL,69,NULL,'2024-09-15 13:59:02',0),(679,70,NULL,70,NULL,'2024-09-16 13:59:02',0),(680,71,NULL,71,NULL,'2024-09-17 13:59:02',0),(681,72,NULL,72,NULL,'2024-09-18 13:59:02',0),(682,73,NULL,73,NULL,'2024-09-19 13:59:02',0),(683,74,NULL,74,NULL,'2024-09-20 13:59:02',0),(684,75,NULL,75,NULL,'2024-09-21 13:59:02',0),(685,76,NULL,76,NULL,'2024-09-22 13:59:02',0),(686,77,NULL,77,NULL,'2024-09-23 13:59:02',0),(687,78,NULL,78,NULL,'2024-09-24 13:59:02',0),(688,79,NULL,79,NULL,'2024-09-25 13:59:02',0),(689,80,NULL,80,NULL,'2024-09-26 13:59:02',0),(690,81,NULL,81,NULL,'2024-09-27 13:59:02',0),(691,82,NULL,82,NULL,'2024-09-28 13:59:02',0),(692,83,NULL,83,NULL,'2024-09-29 13:59:02',0),(693,84,NULL,84,NULL,'2024-09-30 13:59:02',0),(694,85,NULL,85,NULL,'2024-10-01 13:59:02',0),(695,86,NULL,86,NULL,'2024-10-02 13:59:02',0),(696,87,NULL,87,NULL,'2024-10-03 13:59:02',0),(697,88,NULL,88,NULL,'2024-10-04 13:59:02',0),(698,89,NULL,89,NULL,'2024-10-05 13:59:02',0),(699,90,NULL,90,NULL,'2024-10-06 13:59:02',0),(700,91,NULL,91,NULL,'2024-10-07 13:59:02',0),(701,92,NULL,92,NULL,'2024-10-08 13:59:02',0),(702,93,NULL,93,NULL,'2024-10-09 13:59:02',0),(703,94,NULL,94,NULL,'2024-10-10 13:59:02',0),(704,95,NULL,95,NULL,'2024-10-11 13:59:02',0),(705,96,NULL,96,NULL,'2024-10-12 13:59:02',0),(706,97,NULL,97,NULL,'2024-10-13 13:59:02',0),(707,98,NULL,98,NULL,'2024-10-14 13:59:02',0),(708,99,NULL,99,NULL,'2024-10-15 13:59:02',0);

/*Table structure for table `notifications` */

DROP TABLE IF EXISTS `notifications`;

CREATE TABLE `notifications` (
  `NotificationID` int NOT NULL AUTO_INCREMENT COMMENT '通知ID',
  `UserID` int DEFAULT NULL COMMENT '接收通知的用户ID',
  `Title` varchar(255) NOT NULL COMMENT '通知主题',
  `NotificationType` enum('OWN','USER','SYSTEM','MARKETING') NOT NULL COMMENT '通知类型',
  `Message` varchar(255) NOT NULL COMMENT '通知消息内容',
  `NotificationTime` datetime DEFAULT CURRENT_TIMESTAMP COMMENT '通知时间',
  PRIMARY KEY (`NotificationID`)
) ENGINE=InnoDB AUTO_INCREMENT=636 DEFAULT CHARSET=utf8mb4 COLLATE=utf8mb4_0900_ai_ci COMMENT='存储系统通知信息';

/*Data for the table `notifications` */

insert  into `notifications`(`NotificationID`,`UserID`,`Title`,`NotificationType`,`Message`,`NotificationTime`) values (19,19,'个人信息通知','OWN','测试消息','2024-04-10 22:41:51'),(20,20,'营销通知','MARKETING','测试消息','2024-04-10 22:41:51'),(21,21,'委托通知','USER','测试消息','2024-04-10 22:41:51'),(22,22,'系统通知','SYSTEM','测试消息','2024-04-10 22:41:51'),(23,23,'委托通知','USER','测试消息','2024-04-10 22:41:51'),(24,24,'营销通知','MARKETING','测试消息','2024-04-10 22:41:51'),(25,25,'个人信息通知','OWN','测试消息','2024-04-10 22:41:51'),(26,26,'营销通知','MARKETING','测试消息','2024-04-10 22:41:51'),(27,27,'委托通知','USER','测试消息','2024-04-10 22:41:51'),(28,28,'系统通知','SYSTEM','测试消息','2024-04-10 22:41:51'),(29,29,'委托通知','USER','测试消息','2024-04-10 22:41:51'),(30,30,'营销通知','MARKETING','测试消息','2024-04-10 22:41:51'),(31,31,'个人信息通知','OWN','测试消息','2024-04-10 22:41:51'),(32,32,'营销通知','MARKETING','测试消息','2024-04-10 22:41:51'),(33,33,'委托通知','USER','测试消息','2024-04-10 22:41:51'),(34,34,'系统通知','SYSTEM','测试消息','2024-04-10 22:41:51'),(35,35,'委托通知','USER','测试消息','2024-04-10 22:41:51'),(36,36,'营销通知','MARKETING','测试消息','2024-04-10 22:41:51'),(37,37,'个人信息通知','OWN','测试消息','2024-04-10 22:41:51'),(38,38,'营销通知','MARKETING','测试消息','2024-04-10 22:41:51'),(39,39,'委托通知','USER','测试消息','2024-04-10 22:41:51'),(40,40,'系统通知','SYSTEM','测试消息','2024-04-10 22:41:51'),(41,41,'委托通知','USER','测试消息','2024-04-10 22:41:51'),(42,42,'营销通知','MARKETING','测试消息','2024-04-10 22:41:51'),(43,43,'个人信息通知','OWN','测试消息','2024-04-10 22:41:51'),(44,44,'营销通知','MARKETING','测试消息','2024-04-10 22:41:51'),(45,45,'委托通知','USER','测试消息','2024-04-10 22:41:51'),(46,46,'系统通知','SYSTEM','测试消息','2024-04-10 22:41:51'),(47,47,'委托通知','USER','测试消息','2024-04-10 22:41:51'),(48,48,'营销通知','MARKETING','测试消息','2024-04-10 22:41:51'),(49,49,'个人信息通知','OWN','测试消息','2024-04-10 22:41:51'),(50,50,'营销通知','MARKETING','测试消息','2024-04-10 22:41:51'),(51,51,'委托通知','USER','测试消息','2024-04-10 22:41:51'),(52,52,'系统通知','SYSTEM','测试消息','2024-04-10 22:41:51'),(53,53,'委托通知','USER','测试消息','2024-04-10 22:41:51'),(54,54,'营销通知','MARKETING','测试消息','2024-04-10 22:41:51'),(55,55,'个人信息通知','OWN','测试消息','2024-04-10 22:41:51'),(56,56,'营销通知','MARKETING','测试消息','2024-04-10 22:41:51'),(57,57,'委托通知','USER','测试消息','2024-04-10 22:41:51'),(58,58,'系统通知','SYSTEM','测试消息','2024-04-10 22:41:51'),(59,59,'委托通知','USER','测试消息','2024-04-10 22:41:51'),(60,60,'营销通知','MARKETING','测试消息','2024-04-10 22:41:51'),(61,61,'个人信息通知','OWN','测试消息','2024-04-10 22:41:51'),(62,62,'营销通知','MARKETING','测试消息','2024-04-10 22:41:51'),(63,63,'委托通知','USER','测试消息','2024-04-10 22:41:51'),(64,64,'系统通知','SYSTEM','测试消息','2024-04-10 22:41:51'),(65,65,'委托通知','USER','测试消息','2024-04-10 22:41:51'),(66,66,'营销通知','MARKETING','测试消息','2024-04-10 22:41:51'),(67,67,'个人信息通知','OWN','测试消息','2024-04-10 22:41:51'),(68,68,'营销通知','MARKETING','测试消息','2024-04-10 22:41:51'),(69,69,'委托通知','USER','测试消息','2024-04-10 22:41:51'),(70,70,'系统通知','SYSTEM','测试消息','2024-04-10 22:41:51'),(71,71,'委托通知','USER','测试消息','2024-04-10 22:41:51'),(72,72,'营销通知','MARKETING','测试消息','2024-04-10 22:41:51'),(73,73,'个人信息通知','OWN','测试消息','2024-04-10 22:41:51'),(74,74,'营销通知','MARKETING','测试消息','2024-04-10 22:41:51'),(75,75,'委托通知','USER','测试消息','2024-04-10 22:41:51'),(76,76,'系统通知','SYSTEM','测试消息','2024-04-10 22:41:51'),(77,77,'委托通知','USER','测试消息','2024-04-10 22:41:51'),(78,78,'营销通知','MARKETING','测试消息','2024-04-10 22:41:51'),(79,79,'个人信息通知','OWN','测试消息','2024-04-10 22:41:51'),(80,80,'营销通知','MARKETING','测试消息','2024-04-10 22:41:51'),(81,81,'委托通知','USER','测试消息','2024-04-10 22:41:51'),(82,82,'系统通知','SYSTEM','测试消息','2024-04-10 22:41:51'),(83,83,'委托通知','USER','测试消息','2024-04-10 22:41:51'),(84,84,'营销通知','MARKETING','测试消息','2024-04-10 22:41:51'),(85,85,'个人信息通知','OWN','测试消息','2024-04-10 22:41:51'),(86,86,'营销通知','MARKETING','测试消息','2024-04-10 22:41:51'),(87,87,'委托通知','USER','测试消息','2024-04-10 22:41:51'),(88,88,'系统通知','SYSTEM','测试消息','2024-04-10 22:41:51'),(89,89,'委托通知','USER','测试消息','2024-04-10 22:41:51'),(92,92,'营销通知','MARKETING','测试消息','2024-04-10 22:41:51'),(93,93,'委托通知','USER','测试消息','2024-04-10 22:41:51'),(94,94,'系统通知','SYSTEM','测试消息','2024-04-10 22:41:51'),(95,95,'委托通知','USER','测试消息','2024-04-10 22:41:51'),(96,96,'营销通知','MARKETING','测试消息','2024-04-10 22:41:51'),(97,97,'个人信息通知','OWN','测试消息','2024-04-10 22:41:51'),(98,98,'营销通知','MARKETING','测试消息','2024-04-10 22:41:51'),(99,99,'委托通知','USER','测试消息','2024-04-10 22:41:51'),(100,100,'系统通知','SYSTEM','测试消息','2024-04-10 22:41:51'),(101,1,'123123','USER','123123123123','2024-05-12 15:54:43'),(102,1,'12312312','USER','123123123123','2024-05-12 15:56:02'),(103,1,'校验测试','SYSTEM','ate((valid) => {\n          if (valid) {\n','2024-05-12 15:58:58'),(104,1,'占用资源','OWN','1231231231231','2024-05-12 21:32:05'),(106,1,'任务删除通知','USER','您的委托已被删除','2024-05-12 23:07:39'),(107,1,'任务删除通知','USER','您的委托已被删除','2024-05-12 23:13:44'),(108,1,'个人委托设置','SYSTEM','未认未样微末魏硕','2024-05-12 23:17:37'),(110,1,'任务删除通知','USER','您的委托已被删除','2024-05-13 15:32:15'),(111,1,'任务删除通知','USER','您的委托已被删除','2024-05-13 15:32:27'),(112,1,'任务删除通知','USER','您的委托已被删除','2024-05-13 15:32:30'),(113,3,'您的委托接收成功','USER','您的编号为TaskAcceptRecords(id=9, status=CHECKED, receiverId=2, taskId=132, str=我是统计2004的, acceptTime=Thu May 16 15:26:58 CST 2024, adoptTime=Fri May 17 00:15:52 CST 2024)委托接收记录已被处理，处理的结果是委托接收成功','2024-05-17 00:15:52'),(114,4,'您的委托接收未被选中','USER','您的编号为TaskAcceptRecords(id=9, status=CHECKED, receiverId=2, taskId=132, str=我是统计2004的, acceptTime=Thu May 16 15:26:58 CST 2024, adoptTime=Fri May 17 00:15:52 CST 2024)委托接收记录已被处理，处理的结果是您的委托接收未被选中','2024-05-17 00:15:52'),(115,3,'您的委托接收成功','USER','您的编号为TaskAcceptRecords(id=11, status=CHECKED, receiverId=2, taskId=134, str=我是法学2004的, acceptTime=Fri May 17 02:58:51 CST 2024, adoptTime=Fri May 17 02:59:13 CST 2024)委托接收记录已被处理，处理的结果是委托接收成功','2024-05-17 02:59:14'),(116,1,'任务删除通知','USER','您的委托已被删除','2024-05-19 10:28:46'),(117,2,'您的委托已被管理员撤销发布','USER','管理员取消发布委托编号为131的任务','2024-05-19 11:08:10'),(118,1,'任务删除通知','USER','您的委托已被删除','2024-05-23 14:10:01'),(119,1,'任务删除通知','USER','您的委托已被删除','2024-05-23 14:10:05'),(120,1,'任务删除通知','USER','您的委托已被删除','2024-05-23 14:10:08'),(121,1,'任务删除通知','USER','您的委托已被删除','2024-05-23 14:10:48'),(122,1,'任务删除通知','USER','您的委托已被删除','2024-05-23 14:10:50'),(123,1,'个人信息通知','OWN','测试消息','2024-05-25 14:14:38'),(124,2,'营销通知','MARKETING','测试消息','2024-05-25 14:14:38'),(125,3,'委托通知','USER','测试消息','2024-05-25 14:14:38'),(126,4,'系统通知','SYSTEM','测试消息','2024-05-25 14:14:38'),(127,5,'委托通知','USER','测试消息','2024-05-25 14:14:38'),(128,6,'营销通知','MARKETING','测试消息','2024-05-25 14:14:38'),(129,7,'个人信息通知','OWN','测试消息','2024-05-25 14:14:38'),(130,8,'营销通知','MARKETING','测试消息','2024-05-25 14:14:38'),(131,9,'委托通知','USER','测试消息','2024-05-25 14:14:38'),(132,10,'系统通知','SYSTEM','测试消息','2024-05-25 14:14:38'),(133,11,'委托通知','USER','测试消息','2024-05-25 14:14:38'),(134,12,'营销通知','MARKETING','测试消息','2024-05-25 14:14:38'),(135,13,'个人信息通知','OWN','测试消息','2024-05-25 14:14:38'),(136,14,'营销通知','MARKETING','测试消息','2024-05-25 14:14:38'),(137,15,'委托通知','USER','测试消息','2024-05-25 14:14:38'),(138,16,'系统通知','SYSTEM','测试消息','2024-05-25 14:14:38'),(139,17,'委托通知','USER','测试消息','2024-05-25 14:14:38'),(140,18,'营销通知','MARKETING','测试消息','2024-05-25 14:14:38'),(141,19,'个人信息通知','OWN','测试消息','2024-05-25 14:14:38'),(142,20,'营销通知','MARKETING','测试消息','2024-05-25 14:14:38'),(143,21,'委托通知','USER','测试消息','2024-05-25 14:14:38'),(144,22,'系统通知','SYSTEM','测试消息','2024-05-25 14:14:38'),(145,23,'委托通知','USER','测试消息','2024-05-25 14:14:38'),(146,24,'营销通知','MARKETING','测试消息','2024-05-25 14:14:38'),(147,25,'个人信息通知','OWN','测试消息','2024-05-25 14:14:38'),(148,26,'营销通知','MARKETING','测试消息','2024-05-25 14:14:38'),(149,27,'委托通知','USER','测试消息','2024-05-25 14:14:38'),(150,28,'系统通知','SYSTEM','测试消息','2024-05-25 14:14:38'),(151,29,'委托通知','USER','测试消息','2024-05-25 14:14:38'),(152,30,'营销通知','MARKETING','测试消息','2024-05-25 14:14:38'),(153,31,'个人信息通知','OWN','测试消息','2024-05-25 14:14:38'),(154,32,'营销通知','MARKETING','测试消息','2024-05-25 14:14:38'),(155,33,'委托通知','USER','测试消息','2024-05-25 14:14:38'),(156,34,'系统通知','SYSTEM','测试消息','2024-05-25 14:14:38'),(157,35,'委托通知','USER','测试消息','2024-05-25 14:14:38'),(158,36,'营销通知','MARKETING','测试消息','2024-05-25 14:14:38'),(159,37,'个人信息通知','OWN','测试消息','2024-05-25 14:14:38'),(160,38,'营销通知','MARKETING','测试消息','2024-05-25 14:14:38'),(161,39,'委托通知','USER','测试消息','2024-05-25 14:14:38'),(162,40,'系统通知','SYSTEM','测试消息','2024-05-25 14:14:38'),(163,41,'委托通知','USER','测试消息','2024-05-25 14:14:38'),(164,42,'营销通知','MARKETING','测试消息','2024-05-25 14:14:38'),(165,43,'个人信息通知','OWN','测试消息','2024-05-25 14:14:38'),(166,44,'营销通知','MARKETING','测试消息','2024-05-25 14:14:38'),(167,45,'委托通知','USER','测试消息','2024-05-25 14:14:38'),(168,46,'系统通知','SYSTEM','测试消息','2024-05-25 14:14:38'),(169,47,'委托通知','USER','测试消息','2024-05-25 14:14:38'),(170,48,'营销通知','MARKETING','测试消息','2024-05-25 14:14:38'),(171,49,'个人信息通知','OWN','测试消息','2024-05-25 14:14:38'),(172,50,'营销通知','MARKETING','测试消息','2024-05-25 14:14:38'),(173,51,'委托通知','USER','测试消息','2024-05-25 14:14:38'),(174,52,'系统通知','SYSTEM','测试消息','2024-05-25 14:14:38'),(175,53,'委托通知','USER','测试消息','2024-05-25 14:14:38'),(176,54,'营销通知','MARKETING','测试消息','2024-05-25 14:14:38'),(177,55,'个人信息通知','OWN','测试消息','2024-05-25 14:14:38'),(178,56,'营销通知','MARKETING','测试消息','2024-05-25 14:14:38'),(179,57,'委托通知','USER','测试消息','2024-05-25 14:14:38'),(180,58,'系统通知','SYSTEM','测试消息','2024-05-25 14:14:38'),(181,59,'委托通知','USER','测试消息','2024-05-25 14:14:38'),(182,60,'营销通知','MARKETING','测试消息','2024-05-25 14:14:38'),(183,61,'个人信息通知','OWN','测试消息','2024-05-25 14:14:38'),(184,62,'营销通知','MARKETING','测试消息','2024-05-25 14:14:38'),(185,63,'委托通知','USER','测试消息','2024-05-25 14:14:38'),(186,64,'系统通知','SYSTEM','测试消息','2024-05-25 14:14:38'),(187,65,'委托通知','USER','测试消息','2024-05-25 14:14:38'),(188,66,'营销通知','MARKETING','测试消息','2024-05-25 14:14:38'),(189,67,'个人信息通知','OWN','测试消息','2024-05-25 14:14:38'),(190,68,'营销通知','MARKETING','测试消息','2024-05-25 14:14:38'),(191,69,'委托通知','USER','测试消息','2024-05-25 14:14:38'),(192,70,'系统通知','SYSTEM','测试消息','2024-05-25 14:14:38'),(193,71,'委托通知','USER','测试消息','2024-05-25 14:14:38'),(194,72,'营销通知','MARKETING','测试消息','2024-05-25 14:14:38'),(195,73,'个人信息通知','OWN','测试消息','2024-05-25 14:14:38'),(196,74,'营销通知','MARKETING','测试消息','2024-05-25 14:14:38'),(197,75,'委托通知','USER','测试消息','2024-05-25 14:14:38'),(198,76,'系统通知','SYSTEM','测试消息','2024-05-25 14:14:38'),(199,77,'委托通知','USER','测试消息','2024-05-25 14:14:38'),(200,78,'营销通知','MARKETING','测试消息','2024-05-25 14:14:38'),(201,79,'个人信息通知','OWN','测试消息','2024-05-25 14:14:38'),(202,80,'营销通知','MARKETING','测试消息','2024-05-25 14:14:38'),(203,81,'委托通知','USER','测试消息','2024-05-25 14:14:38'),(204,82,'系统通知','SYSTEM','测试消息','2024-05-25 14:14:38'),(205,83,'委托通知','USER','测试消息','2024-05-25 14:14:38'),(206,84,'营销通知','MARKETING','测试消息','2024-05-25 14:14:38'),(207,85,'个人信息通知','OWN','测试消息','2024-05-25 14:14:38'),(208,86,'营销通知','MARKETING','测试消息','2024-05-25 14:14:38'),(209,87,'委托通知','USER','测试消息','2024-05-25 14:14:38'),(210,88,'系统通知','SYSTEM','测试消息','2024-05-25 14:14:38'),(211,89,'委托通知','USER','测试消息','2024-05-25 14:14:38'),(212,90,'营销通知','MARKETING','测试消息','2024-05-25 14:14:38'),(213,91,'个人信息通知','OWN','测试消息','2024-05-25 14:14:38'),(214,92,'营销通知','MARKETING','测试消息','2024-05-25 14:14:38'),(215,93,'委托通知','USER','测试消息','2024-05-25 14:14:38'),(216,94,'系统通知','SYSTEM','测试消息','2024-05-25 14:14:38'),(217,95,'委托通知','USER','测试消息','2024-05-25 14:14:38'),(218,96,'营销通知','MARKETING','测试消息','2024-05-25 14:14:38'),(219,97,'个人信息通知','OWN','测试消息','2024-05-25 14:14:38'),(220,98,'营销通知','MARKETING','测试消息','2024-05-25 14:14:38'),(221,99,'委托通知','USER','测试消息','2024-05-25 14:14:38'),(222,100,'系统通知','SYSTEM','测试消息','2024-05-25 14:14:38'),(223,1,'个人信息通知','OWN','测试消息','2024-05-26 21:19:12'),(224,2,'营销通知','MARKETING','测试消息','2024-05-26 21:19:12'),(225,3,'委托通知','USER','测试消息','2024-05-26 21:19:12'),(226,4,'系统通知','SYSTEM','测试消息','2024-05-26 21:19:12'),(227,5,'委托通知','USER','测试消息','2024-05-26 21:19:12'),(228,6,'营销通知','MARKETING','测试消息','2024-05-26 21:19:12'),(229,7,'个人信息通知','OWN','测试消息','2024-05-26 21:19:12'),(230,8,'营销通知','MARKETING','测试消息','2024-05-26 21:19:12'),(231,9,'委托通知','USER','测试消息','2024-05-26 21:19:12'),(232,10,'系统通知','SYSTEM','测试消息','2024-05-26 21:19:12'),(233,11,'委托通知','USER','测试消息','2024-05-26 21:19:12'),(234,12,'营销通知','MARKETING','测试消息','2024-05-26 21:19:12'),(235,13,'个人信息通知','OWN','测试消息','2024-05-26 21:19:12'),(236,14,'营销通知','MARKETING','测试消息','2024-05-26 21:19:12'),(237,15,'委托通知','USER','测试消息','2024-05-26 21:19:12'),(238,16,'系统通知','SYSTEM','测试消息','2024-05-26 21:19:12'),(239,17,'委托通知','USER','测试消息','2024-05-26 21:19:12'),(240,18,'营销通知','MARKETING','测试消息','2024-05-26 21:19:12'),(241,19,'个人信息通知','OWN','测试消息','2024-05-26 21:19:12'),(242,20,'营销通知','MARKETING','测试消息','2024-05-26 21:19:12'),(243,21,'委托通知','USER','测试消息','2024-05-26 21:19:12'),(244,22,'系统通知','SYSTEM','测试消息','2024-05-26 21:19:12'),(245,23,'委托通知','USER','测试消息','2024-05-26 21:19:12'),(246,24,'营销通知','MARKETING','测试消息','2024-05-26 21:19:12'),(247,25,'个人信息通知','OWN','测试消息','2024-05-26 21:19:12'),(248,26,'营销通知','MARKETING','测试消息','2024-05-26 21:19:12'),(249,27,'委托通知','USER','测试消息','2024-05-26 21:19:12'),(250,28,'系统通知','SYSTEM','测试消息','2024-05-26 21:19:12'),(251,29,'委托通知','USER','测试消息','2024-05-26 21:19:12'),(252,30,'营销通知','MARKETING','测试消息','2024-05-26 21:19:12'),(253,31,'个人信息通知','OWN','测试消息','2024-05-26 21:19:12'),(254,32,'营销通知','MARKETING','测试消息','2024-05-26 21:19:12'),(255,33,'委托通知','USER','测试消息','2024-05-26 21:19:12'),(256,34,'系统通知','SYSTEM','测试消息','2024-05-26 21:19:12'),(257,35,'委托通知','USER','测试消息','2024-05-26 21:19:12'),(258,36,'营销通知','MARKETING','测试消息','2024-05-26 21:19:12'),(259,37,'个人信息通知','OWN','测试消息','2024-05-26 21:19:12'),(260,38,'营销通知','MARKETING','测试消息','2024-05-26 21:19:12'),(261,39,'委托通知','USER','测试消息','2024-05-26 21:19:12'),(262,40,'系统通知','SYSTEM','测试消息','2024-05-26 21:19:12'),(263,41,'委托通知','USER','测试消息','2024-05-26 21:19:12'),(264,42,'营销通知','MARKETING','测试消息','2024-05-26 21:19:12'),(265,43,'个人信息通知','OWN','测试消息','2024-05-26 21:19:12'),(266,44,'营销通知','MARKETING','测试消息','2024-05-26 21:19:12'),(267,45,'委托通知','USER','测试消息','2024-05-26 21:19:12'),(268,46,'系统通知','SYSTEM','测试消息','2024-05-26 21:19:12'),(269,47,'委托通知','USER','测试消息','2024-05-26 21:19:12'),(270,48,'营销通知','MARKETING','测试消息','2024-05-26 21:19:12'),(271,49,'个人信息通知','OWN','测试消息','2024-05-26 21:19:12'),(272,50,'营销通知','MARKETING','测试消息','2024-05-26 21:19:12'),(273,51,'委托通知','USER','测试消息','2024-05-26 21:19:12'),(274,52,'系统通知','SYSTEM','测试消息','2024-05-26 21:19:12'),(275,53,'委托通知','USER','测试消息','2024-05-26 21:19:12'),(276,54,'营销通知','MARKETING','测试消息','2024-05-26 21:19:12'),(277,55,'个人信息通知','OWN','测试消息','2024-05-26 21:19:12'),(278,56,'营销通知','MARKETING','测试消息','2024-05-26 21:19:12'),(279,57,'委托通知','USER','测试消息','2024-05-26 21:19:12'),(280,58,'系统通知','SYSTEM','测试消息','2024-05-26 21:19:12'),(281,59,'委托通知','USER','测试消息','2024-05-26 21:19:12'),(282,60,'营销通知','MARKETING','测试消息','2024-05-26 21:19:12'),(283,61,'个人信息通知','OWN','测试消息','2024-05-26 21:19:12'),(284,62,'营销通知','MARKETING','测试消息','2024-05-26 21:19:12'),(285,63,'委托通知','USER','测试消息','2024-05-26 21:19:12'),(286,64,'系统通知','SYSTEM','测试消息','2024-05-26 21:19:12'),(287,65,'委托通知','USER','测试消息','2024-05-26 21:19:12'),(288,66,'营销通知','MARKETING','测试消息','2024-05-26 21:19:12'),(289,67,'个人信息通知','OWN','测试消息','2024-05-26 21:19:12'),(290,68,'营销通知','MARKETING','测试消息','2024-05-26 21:19:12'),(291,69,'委托通知','USER','测试消息','2024-05-26 21:19:12'),(292,70,'系统通知','SYSTEM','测试消息','2024-05-26 21:19:12'),(293,71,'委托通知','USER','测试消息','2024-05-26 21:19:12'),(294,72,'营销通知','MARKETING','测试消息','2024-05-26 21:19:12'),(295,73,'个人信息通知','OWN','测试消息','2024-05-26 21:19:12'),(296,74,'营销通知','MARKETING','测试消息','2024-05-26 21:19:12'),(297,75,'委托通知','USER','测试消息','2024-05-26 21:19:12'),(298,76,'系统通知','SYSTEM','测试消息','2024-05-26 21:19:12'),(299,77,'委托通知','USER','测试消息','2024-05-26 21:19:12'),(300,78,'营销通知','MARKETING','测试消息','2024-05-26 21:19:12'),(301,79,'个人信息通知','OWN','测试消息','2024-05-26 21:19:12'),(302,80,'营销通知','MARKETING','测试消息','2024-05-26 21:19:12'),(303,81,'委托通知','USER','测试消息','2024-05-26 21:19:12'),(304,82,'系统通知','SYSTEM','测试消息','2024-05-26 21:19:12'),(305,83,'委托通知','USER','测试消息','2024-05-26 21:19:12'),(306,84,'营销通知','MARKETING','测试消息','2024-05-26 21:19:12'),(307,85,'个人信息通知','OWN','测试消息','2024-05-26 21:19:12'),(308,86,'营销通知','MARKETING','测试消息','2024-05-26 21:19:12'),(309,87,'委托通知','USER','测试消息','2024-05-26 21:19:12'),(310,88,'系统通知','SYSTEM','测试消息','2024-05-26 21:19:12'),(311,89,'委托通知','USER','测试消息','2024-05-26 21:19:12'),(312,90,'营销通知','MARKETING','测试消息','2024-05-26 21:19:12'),(313,91,'个人信息通知','OWN','测试消息','2024-05-26 21:19:12'),(314,92,'营销通知','MARKETING','测试消息','2024-05-26 21:19:12'),(315,93,'委托通知','USER','测试消息','2024-05-26 21:19:12'),(316,94,'系统通知','SYSTEM','测试消息','2024-05-26 21:19:12'),(317,95,'委托通知','USER','测试消息','2024-05-26 21:19:12'),(318,96,'营销通知','MARKETING','测试消息','2024-05-26 21:19:12'),(319,97,'个人信息通知','OWN','测试消息','2024-05-26 21:19:12'),(320,98,'营销通知','MARKETING','测试消息','2024-05-26 21:19:12'),(321,99,'委托通知','USER','测试消息','2024-05-26 21:19:12'),(322,100,'系统通知','SYSTEM','测试消息','2024-05-26 21:19:12'),(323,1,'个人信息通知','OWN','测试消息','2024-05-26 21:28:07'),(324,2,'营销通知','MARKETING','测试消息','2024-05-26 21:28:07'),(325,3,'委托通知','USER','测试消息','2024-05-26 21:28:07'),(326,4,'系统通知','SYSTEM','测试消息','2024-05-26 21:28:07'),(327,5,'委托通知','USER','测试消息','2024-05-26 21:28:07'),(328,6,'营销通知','MARKETING','测试消息','2024-05-26 21:28:07'),(329,7,'个人信息通知','OWN','测试消息','2024-05-26 21:28:07'),(330,8,'营销通知','MARKETING','测试消息','2024-05-26 21:28:07'),(331,9,'委托通知','USER','测试消息','2024-05-26 21:28:07'),(332,10,'系统通知','SYSTEM','测试消息','2024-05-26 21:28:07'),(333,11,'委托通知','USER','测试消息','2024-05-26 21:28:07'),(334,12,'营销通知','MARKETING','测试消息','2024-05-26 21:28:07'),(335,13,'个人信息通知','OWN','测试消息','2024-05-26 21:28:07'),(336,14,'营销通知','MARKETING','测试消息','2024-05-26 21:28:07'),(337,15,'委托通知','USER','测试消息','2024-05-26 21:28:07'),(338,16,'系统通知','SYSTEM','测试消息','2024-05-26 21:28:07'),(339,17,'委托通知','USER','测试消息','2024-05-26 21:28:07'),(340,18,'营销通知','MARKETING','测试消息','2024-05-26 21:28:07'),(341,19,'个人信息通知','OWN','测试消息','2024-05-26 21:28:07'),(342,20,'营销通知','MARKETING','测试消息','2024-05-26 21:28:07'),(343,21,'委托通知','USER','测试消息','2024-05-26 21:28:07'),(344,22,'系统通知','SYSTEM','测试消息','2024-05-26 21:28:07'),(345,23,'委托通知','USER','测试消息','2024-05-26 21:28:07'),(346,24,'营销通知','MARKETING','测试消息','2024-05-26 21:28:07'),(347,25,'个人信息通知','OWN','测试消息','2024-05-26 21:28:07'),(348,26,'营销通知','MARKETING','测试消息','2024-05-26 21:28:07'),(349,27,'委托通知','USER','测试消息','2024-05-26 21:28:07'),(350,28,'系统通知','SYSTEM','测试消息','2024-05-26 21:28:07'),(351,29,'委托通知','USER','测试消息','2024-05-26 21:28:07'),(352,30,'营销通知','MARKETING','测试消息','2024-05-26 21:28:07'),(353,31,'个人信息通知','OWN','测试消息','2024-05-26 21:28:07'),(354,32,'营销通知','MARKETING','测试消息','2024-05-26 21:28:07'),(355,33,'委托通知','USER','测试消息','2024-05-26 21:28:07'),(356,34,'系统通知','SYSTEM','测试消息','2024-05-26 21:28:07'),(357,35,'委托通知','USER','测试消息','2024-05-26 21:28:07'),(358,36,'营销通知','MARKETING','测试消息','2024-05-26 21:28:07'),(359,37,'个人信息通知','OWN','测试消息','2024-05-26 21:28:07'),(360,38,'营销通知','MARKETING','测试消息','2024-05-26 21:28:07'),(361,39,'委托通知','USER','测试消息','2024-05-26 21:28:07'),(362,40,'系统通知','SYSTEM','测试消息','2024-05-26 21:28:07'),(363,41,'委托通知','USER','测试消息','2024-05-26 21:28:07'),(364,42,'营销通知','MARKETING','测试消息','2024-05-26 21:28:07'),(365,43,'个人信息通知','OWN','测试消息','2024-05-26 21:28:07'),(366,44,'营销通知','MARKETING','测试消息','2024-05-26 21:28:07'),(367,45,'委托通知','USER','测试消息','2024-05-26 21:28:07'),(368,46,'系统通知','SYSTEM','测试消息','2024-05-26 21:28:07'),(369,47,'委托通知','USER','测试消息','2024-05-26 21:28:07'),(370,48,'营销通知','MARKETING','测试消息','2024-05-26 21:28:07'),(371,49,'个人信息通知','OWN','测试消息','2024-05-26 21:28:07'),(372,50,'营销通知','MARKETING','测试消息','2024-05-26 21:28:07'),(373,51,'委托通知','USER','测试消息','2024-05-26 21:28:07'),(374,52,'系统通知','SYSTEM','测试消息','2024-05-26 21:28:07'),(375,53,'委托通知','USER','测试消息','2024-05-26 21:28:07'),(376,54,'营销通知','MARKETING','测试消息','2024-05-26 21:28:07'),(377,55,'个人信息通知','OWN','测试消息','2024-05-26 21:28:07'),(378,56,'营销通知','MARKETING','测试消息','2024-05-26 21:28:07'),(379,57,'委托通知','USER','测试消息','2024-05-26 21:28:07'),(380,58,'系统通知','SYSTEM','测试消息','2024-05-26 21:28:07'),(381,59,'委托通知','USER','测试消息','2024-05-26 21:28:07'),(382,60,'营销通知','MARKETING','测试消息','2024-05-26 21:28:07'),(383,61,'个人信息通知','OWN','测试消息','2024-05-26 21:28:07'),(384,62,'营销通知','MARKETING','测试消息','2024-05-26 21:28:07'),(385,63,'委托通知','USER','测试消息','2024-05-26 21:28:07'),(386,64,'系统通知','SYSTEM','测试消息','2024-05-26 21:28:07'),(387,65,'委托通知','USER','测试消息','2024-05-26 21:28:07'),(388,66,'营销通知','MARKETING','测试消息','2024-05-26 21:28:07'),(389,67,'个人信息通知','OWN','测试消息','2024-05-26 21:28:07'),(390,68,'营销通知','MARKETING','测试消息','2024-05-26 21:28:07'),(391,69,'委托通知','USER','测试消息','2024-05-26 21:28:07'),(392,70,'系统通知','SYSTEM','测试消息','2024-05-26 21:28:07'),(393,71,'委托通知','USER','测试消息','2024-05-26 21:28:07'),(394,72,'营销通知','MARKETING','测试消息','2024-05-26 21:28:07'),(395,73,'个人信息通知','OWN','测试消息','2024-05-26 21:28:07'),(396,74,'营销通知','MARKETING','测试消息','2024-05-26 21:28:07'),(397,75,'委托通知','USER','测试消息','2024-05-26 21:28:07'),(398,76,'系统通知','SYSTEM','测试消息','2024-05-26 21:28:07'),(399,77,'委托通知','USER','测试消息','2024-05-26 21:28:07'),(400,78,'营销通知','MARKETING','测试消息','2024-05-26 21:28:07'),(401,79,'个人信息通知','OWN','测试消息','2024-05-26 21:28:07'),(402,80,'营销通知','MARKETING','测试消息','2024-05-26 21:28:07'),(403,81,'委托通知','USER','测试消息','2024-05-26 21:28:07'),(404,82,'系统通知','SYSTEM','测试消息','2024-05-26 21:28:07'),(405,83,'委托通知','USER','测试消息','2024-05-26 21:28:07'),(406,84,'营销通知','MARKETING','测试消息','2024-05-26 21:28:07'),(407,85,'个人信息通知','OWN','测试消息','2024-05-26 21:28:07'),(408,86,'营销通知','MARKETING','测试消息','2024-05-26 21:28:07'),(409,87,'委托通知','USER','测试消息','2024-05-26 21:28:07'),(410,88,'系统通知','SYSTEM','测试消息','2024-05-26 21:28:07'),(411,89,'委托通知','USER','测试消息','2024-05-26 21:28:07'),(412,90,'营销通知','MARKETING','测试消息','2024-05-26 21:28:07'),(413,91,'个人信息通知','OWN','测试消息','2024-05-26 21:28:07'),(414,92,'营销通知','MARKETING','测试消息','2024-05-26 21:28:07'),(415,93,'委托通知','USER','测试消息','2024-05-26 21:28:07'),(416,94,'系统通知','SYSTEM','测试消息','2024-05-26 21:28:07'),(417,95,'委托通知','USER','测试消息','2024-05-26 21:28:07'),(418,96,'营销通知','MARKETING','测试消息','2024-05-26 21:28:07'),(419,97,'个人信息通知','OWN','测试消息','2024-05-26 21:28:07'),(420,98,'营销通知','MARKETING','测试消息','2024-05-26 21:28:07'),(421,99,'委托通知','USER','测试消息','2024-05-26 21:28:07'),(422,100,'系统通知','SYSTEM','测试消息','2024-05-26 21:28:07'),(423,1,'个人信息通知','OWN','测试消息','2024-05-26 21:37:22'),(424,2,'营销通知','MARKETING','测试消息','2024-05-26 21:37:22'),(425,3,'委托通知','USER','测试消息','2024-05-26 21:37:22'),(426,4,'系统通知','SYSTEM','测试消息','2024-05-26 21:37:22'),(427,5,'委托通知','USER','测试消息','2024-05-26 21:37:22'),(428,6,'营销通知','MARKETING','测试消息','2024-05-26 21:37:22'),(429,7,'个人信息通知','OWN','测试消息','2024-05-26 21:37:22'),(430,8,'营销通知','MARKETING','测试消息','2024-05-26 21:37:22'),(431,9,'委托通知','USER','测试消息','2024-05-26 21:37:22'),(432,10,'系统通知','SYSTEM','测试消息','2024-05-26 21:37:22'),(433,11,'委托通知','USER','测试消息','2024-05-26 21:37:22'),(434,12,'营销通知','MARKETING','测试消息','2024-05-26 21:37:22'),(435,13,'个人信息通知','OWN','测试消息','2024-05-26 21:37:22'),(436,14,'营销通知','MARKETING','测试消息','2024-05-26 21:37:22'),(437,15,'委托通知','USER','测试消息','2024-05-26 21:37:22'),(438,16,'系统通知','SYSTEM','测试消息','2024-05-26 21:37:22'),(439,17,'委托通知','USER','测试消息','2024-05-26 21:37:22'),(440,18,'营销通知','MARKETING','测试消息','2024-05-26 21:37:22'),(441,19,'个人信息通知','OWN','测试消息','2024-05-26 21:37:22'),(442,20,'营销通知','MARKETING','测试消息','2024-05-26 21:37:22'),(443,21,'委托通知','USER','测试消息','2024-05-26 21:37:22'),(444,22,'系统通知','SYSTEM','测试消息','2024-05-26 21:37:22'),(445,23,'委托通知','USER','测试消息','2024-05-26 21:37:22'),(446,24,'营销通知','MARKETING','测试消息','2024-05-26 21:37:22'),(447,25,'个人信息通知','OWN','测试消息','2024-05-26 21:37:22'),(448,26,'营销通知','MARKETING','测试消息','2024-05-26 21:37:22'),(449,27,'委托通知','USER','测试消息','2024-05-26 21:37:22'),(450,28,'系统通知','SYSTEM','测试消息','2024-05-26 21:37:22'),(451,29,'委托通知','USER','测试消息','2024-05-26 21:37:22'),(452,30,'营销通知','MARKETING','测试消息','2024-05-26 21:37:22'),(453,31,'个人信息通知','OWN','测试消息','2024-05-26 21:37:22'),(454,32,'营销通知','MARKETING','测试消息','2024-05-26 21:37:22'),(455,33,'委托通知','USER','测试消息','2024-05-26 21:37:22'),(456,34,'系统通知','SYSTEM','测试消息','2024-05-26 21:37:22'),(457,35,'委托通知','USER','测试消息','2024-05-26 21:37:22'),(458,36,'营销通知','MARKETING','测试消息','2024-05-26 21:37:22'),(459,37,'个人信息通知','OWN','测试消息','2024-05-26 21:37:22'),(460,38,'营销通知','MARKETING','测试消息','2024-05-26 21:37:22'),(461,39,'委托通知','USER','测试消息','2024-05-26 21:37:22'),(462,40,'系统通知','SYSTEM','测试消息','2024-05-26 21:37:22'),(463,41,'委托通知','USER','测试消息','2024-05-26 21:37:22'),(464,42,'营销通知','MARKETING','测试消息','2024-05-26 21:37:22'),(465,43,'个人信息通知','OWN','测试消息','2024-05-26 21:37:22'),(466,44,'营销通知','MARKETING','测试消息','2024-05-26 21:37:22'),(467,45,'委托通知','USER','测试消息','2024-05-26 21:37:22'),(468,46,'系统通知','SYSTEM','测试消息','2024-05-26 21:37:22'),(469,47,'委托通知','USER','测试消息','2024-05-26 21:37:22'),(470,48,'营销通知','MARKETING','测试消息','2024-05-26 21:37:22'),(471,49,'个人信息通知','OWN','测试消息','2024-05-26 21:37:22'),(472,50,'营销通知','MARKETING','测试消息','2024-05-26 21:37:22'),(473,51,'委托通知','USER','测试消息','2024-05-26 21:37:22'),(474,52,'系统通知','SYSTEM','测试消息','2024-05-26 21:37:22'),(475,53,'委托通知','USER','测试消息','2024-05-26 21:37:22'),(476,54,'营销通知','MARKETING','测试消息','2024-05-26 21:37:22'),(477,55,'个人信息通知','OWN','测试消息','2024-05-26 21:37:22'),(478,56,'营销通知','MARKETING','测试消息','2024-05-26 21:37:22'),(479,57,'委托通知','USER','测试消息','2024-05-26 21:37:22'),(480,58,'系统通知','SYSTEM','测试消息','2024-05-26 21:37:22'),(481,59,'委托通知','USER','测试消息','2024-05-26 21:37:22'),(482,60,'营销通知','MARKETING','测试消息','2024-05-26 21:37:22'),(483,61,'个人信息通知','OWN','测试消息','2024-05-26 21:37:22'),(484,62,'营销通知','MARKETING','测试消息','2024-05-26 21:37:22'),(485,63,'委托通知','USER','测试消息','2024-05-26 21:37:22'),(486,64,'系统通知','SYSTEM','测试消息','2024-05-26 21:37:22'),(487,65,'委托通知','USER','测试消息','2024-05-26 21:37:22'),(488,66,'营销通知','MARKETING','测试消息','2024-05-26 21:37:22'),(489,67,'个人信息通知','OWN','测试消息','2024-05-26 21:37:22'),(490,68,'营销通知','MARKETING','测试消息','2024-05-26 21:37:22'),(491,69,'委托通知','USER','测试消息','2024-05-26 21:37:22'),(492,70,'系统通知','SYSTEM','测试消息','2024-05-26 21:37:22'),(493,71,'委托通知','USER','测试消息','2024-05-26 21:37:22'),(494,72,'营销通知','MARKETING','测试消息','2024-05-26 21:37:22'),(495,73,'个人信息通知','OWN','测试消息','2024-05-26 21:37:22'),(496,74,'营销通知','MARKETING','测试消息','2024-05-26 21:37:22'),(497,75,'委托通知','USER','测试消息','2024-05-26 21:37:22'),(498,76,'系统通知','SYSTEM','测试消息','2024-05-26 21:37:22'),(499,77,'委托通知','USER','测试消息','2024-05-26 21:37:22'),(500,78,'营销通知','MARKETING','测试消息','2024-05-26 21:37:22'),(501,79,'个人信息通知','OWN','测试消息','2024-05-26 21:37:22'),(502,80,'营销通知','MARKETING','测试消息','2024-05-26 21:37:22'),(503,81,'委托通知','USER','测试消息','2024-05-26 21:37:22'),(504,82,'系统通知','SYSTEM','测试消息','2024-05-26 21:37:22'),(505,83,'委托通知','USER','测试消息','2024-05-26 21:37:22'),(506,84,'营销通知','MARKETING','测试消息','2024-05-26 21:37:22'),(507,85,'个人信息通知','OWN','测试消息','2024-05-26 21:37:22'),(508,86,'营销通知','MARKETING','测试消息','2024-05-26 21:37:22'),(509,87,'委托通知','USER','测试消息','2024-05-26 21:37:22'),(510,88,'系统通知','SYSTEM','测试消息','2024-05-26 21:37:22'),(511,89,'委托通知','USER','测试消息','2024-05-26 21:37:22'),(512,90,'营销通知','MARKETING','测试消息','2024-05-26 21:37:22'),(513,91,'个人信息通知','OWN','测试消息','2024-05-26 21:37:22'),(514,92,'营销通知','MARKETING','测试消息','2024-05-26 21:37:22'),(515,93,'委托通知','USER','测试消息','2024-05-26 21:37:22'),(516,94,'系统通知','SYSTEM','测试消息','2024-05-26 21:37:22'),(517,95,'委托通知','USER','测试消息','2024-05-26 21:37:22'),(518,96,'营销通知','MARKETING','测试消息','2024-05-26 21:37:22'),(519,97,'个人信息通知','OWN','测试消息','2024-05-26 21:37:22'),(520,98,'营销通知','MARKETING','测试消息','2024-05-26 21:37:22'),(521,99,'委托通知','USER','测试消息','2024-05-26 21:37:22'),(522,100,'系统通知','SYSTEM','测试消息','2024-05-26 21:37:22'),(523,1,'任务删除通知','USER','您的委托已被删除','2024-05-29 14:46:50'),(524,1,'任务删除通知','USER','您的委托已被删除','2024-05-29 14:46:53'),(525,1,'任务删除通知','USER','您的委托已被删除','2024-05-29 14:46:55'),(526,1,'任务删除通知','USER','您的委托已被删除','2024-05-29 14:46:58'),(527,2,'您的委托已被管理员撤销发布','USER','管理员取消发布委托编号为125的任务','2024-05-31 18:35:53'),(528,1,'任务删除通知','USER','您的委托已被删除','2024-05-31 18:39:44'),(529,1,'任务删除通知','USER','您的委托已被删除','2024-05-31 18:40:23'),(530,1,'任务删除通知','USER','您的委托已被删除','2024-05-31 18:40:41'),(531,1,'任务删除通知','USER','您的委托已被删除','2024-05-31 18:40:44'),(532,1,'任务删除通知','USER','您的委托已被删除','2024-05-31 18:40:48'),(533,1,'任务删除通知','USER','您的委托已被删除','2024-05-31 18:41:18'),(534,1,'任务删除通知','USER','您的委托已被删除','2024-05-31 18:42:41'),(535,1,'任务删除通知','USER','您的委托已被删除','2024-05-31 18:52:20'),(536,1,'个人信息通知','OWN','测试消息','2024-07-08 13:59:02'),(537,2,'营销通知','MARKETING','测试消息','2024-07-08 13:59:02'),(538,3,'委托通知','USER','测试消息','2024-07-08 13:59:02'),(539,4,'系统通知','SYSTEM','测试消息','2024-07-08 13:59:02'),(540,5,'委托通知','USER','测试消息','2024-07-08 13:59:02'),(541,6,'营销通知','MARKETING','测试消息','2024-07-08 13:59:02'),(542,7,'个人信息通知','OWN','测试消息','2024-07-08 13:59:02'),(543,8,'营销通知','MARKETING','测试消息','2024-07-08 13:59:02'),(544,9,'委托通知','USER','测试消息','2024-07-08 13:59:02'),(545,10,'系统通知','SYSTEM','测试消息','2024-07-08 13:59:02'),(546,11,'委托通知','USER','测试消息','2024-07-08 13:59:02'),(547,12,'营销通知','MARKETING','测试消息','2024-07-08 13:59:02'),(548,13,'个人信息通知','OWN','测试消息','2024-07-08 13:59:02'),(549,14,'营销通知','MARKETING','测试消息','2024-07-08 13:59:02'),(550,15,'委托通知','USER','测试消息','2024-07-08 13:59:02'),(551,16,'系统通知','SYSTEM','测试消息','2024-07-08 13:59:02'),(552,17,'委托通知','USER','测试消息','2024-07-08 13:59:02'),(553,18,'营销通知','MARKETING','测试消息','2024-07-08 13:59:02'),(554,19,'个人信息通知','OWN','测试消息','2024-07-08 13:59:02'),(555,20,'营销通知','MARKETING','测试消息','2024-07-08 13:59:02'),(556,21,'委托通知','USER','测试消息','2024-07-08 13:59:02'),(557,22,'系统通知','SYSTEM','测试消息','2024-07-08 13:59:02'),(558,23,'委托通知','USER','测试消息','2024-07-08 13:59:02'),(559,24,'营销通知','MARKETING','测试消息','2024-07-08 13:59:02'),(560,25,'个人信息通知','OWN','测试消息','2024-07-08 13:59:02'),(561,26,'营销通知','MARKETING','测试消息','2024-07-08 13:59:02'),(562,27,'委托通知','USER','测试消息','2024-07-08 13:59:02'),(563,28,'系统通知','SYSTEM','测试消息','2024-07-08 13:59:02'),(564,29,'委托通知','USER','测试消息','2024-07-08 13:59:02'),(565,30,'营销通知','MARKETING','测试消息','2024-07-08 13:59:02'),(566,31,'个人信息通知','OWN','测试消息','2024-07-08 13:59:02'),(567,32,'营销通知','MARKETING','测试消息','2024-07-08 13:59:02'),(568,33,'委托通知','USER','测试消息','2024-07-08 13:59:02'),(569,34,'系统通知','SYSTEM','测试消息','2024-07-08 13:59:02'),(570,35,'委托通知','USER','测试消息','2024-07-08 13:59:02'),(571,36,'营销通知','MARKETING','测试消息','2024-07-08 13:59:02'),(572,37,'个人信息通知','OWN','测试消息','2024-07-08 13:59:02'),(573,38,'营销通知','MARKETING','测试消息','2024-07-08 13:59:02'),(574,39,'委托通知','USER','测试消息','2024-07-08 13:59:02'),(575,40,'系统通知','SYSTEM','测试消息','2024-07-08 13:59:02'),(576,41,'委托通知','USER','测试消息','2024-07-08 13:59:02'),(577,42,'营销通知','MARKETING','测试消息','2024-07-08 13:59:02'),(578,43,'个人信息通知','OWN','测试消息','2024-07-08 13:59:02'),(579,44,'营销通知','MARKETING','测试消息','2024-07-08 13:59:02'),(580,45,'委托通知','USER','测试消息','2024-07-08 13:59:02'),(581,46,'系统通知','SYSTEM','测试消息','2024-07-08 13:59:02'),(582,47,'委托通知','USER','测试消息','2024-07-08 13:59:02'),(583,48,'营销通知','MARKETING','测试消息','2024-07-08 13:59:02'),(584,49,'个人信息通知','OWN','测试消息','2024-07-08 13:59:02'),(585,50,'营销通知','MARKETING','测试消息','2024-07-08 13:59:02'),(586,51,'委托通知','USER','测试消息','2024-07-08 13:59:02'),(587,52,'系统通知','SYSTEM','测试消息','2024-07-08 13:59:02'),(588,53,'委托通知','USER','测试消息','2024-07-08 13:59:02'),(589,54,'营销通知','MARKETING','测试消息','2024-07-08 13:59:02'),(590,55,'个人信息通知','OWN','测试消息','2024-07-08 13:59:02'),(591,56,'营销通知','MARKETING','测试消息','2024-07-08 13:59:02'),(592,57,'委托通知','USER','测试消息','2024-07-08 13:59:02'),(593,58,'系统通知','SYSTEM','测试消息','2024-07-08 13:59:02'),(594,59,'委托通知','USER','测试消息','2024-07-08 13:59:02'),(595,60,'营销通知','MARKETING','测试消息','2024-07-08 13:59:02'),(596,61,'个人信息通知','OWN','测试消息','2024-07-08 13:59:02'),(597,62,'营销通知','MARKETING','测试消息','2024-07-08 13:59:02'),(598,63,'委托通知','USER','测试消息','2024-07-08 13:59:02'),(599,64,'系统通知','SYSTEM','测试消息','2024-07-08 13:59:02'),(600,65,'委托通知','USER','测试消息','2024-07-08 13:59:02'),(601,66,'营销通知','MARKETING','测试消息','2024-07-08 13:59:02'),(602,67,'个人信息通知','OWN','测试消息','2024-07-08 13:59:02'),(603,68,'营销通知','MARKETING','测试消息','2024-07-08 13:59:02'),(604,69,'委托通知','USER','测试消息','2024-07-08 13:59:02'),(605,70,'系统通知','SYSTEM','测试消息','2024-07-08 13:59:02'),(606,71,'委托通知','USER','测试消息','2024-07-08 13:59:02'),(607,72,'营销通知','MARKETING','测试消息','2024-07-08 13:59:02'),(608,73,'个人信息通知','OWN','测试消息','2024-07-08 13:59:02'),(609,74,'营销通知','MARKETING','测试消息','2024-07-08 13:59:02'),(610,75,'委托通知','USER','测试消息','2024-07-08 13:59:02'),(611,76,'系统通知','SYSTEM','测试消息','2024-07-08 13:59:02'),(612,77,'委托通知','USER','测试消息','2024-07-08 13:59:02'),(613,78,'营销通知','MARKETING','测试消息','2024-07-08 13:59:02'),(614,79,'个人信息通知','OWN','测试消息','2024-07-08 13:59:02'),(615,80,'营销通知','MARKETING','测试消息','2024-07-08 13:59:02'),(616,81,'委托通知','USER','测试消息','2024-07-08 13:59:02'),(617,82,'系统通知','SYSTEM','测试消息','2024-07-08 13:59:02'),(618,83,'委托通知','USER','测试消息','2024-07-08 13:59:02'),(619,84,'营销通知','MARKETING','测试消息','2024-07-08 13:59:02'),(620,85,'个人信息通知','OWN','测试消息','2024-07-08 13:59:02'),(621,86,'营销通知','MARKETING','测试消息','2024-07-08 13:59:02'),(622,87,'委托通知','USER','测试消息','2024-07-08 13:59:02'),(623,88,'系统通知','SYSTEM','测试消息','2024-07-08 13:59:02'),(624,89,'委托通知','USER','测试消息','2024-07-08 13:59:02'),(625,90,'营销通知','MARKETING','测试消息','2024-07-08 13:59:02'),(626,91,'个人信息通知','OWN','测试消息','2024-07-08 13:59:02'),(627,92,'营销通知','MARKETING','测试消息','2024-07-08 13:59:02'),(628,93,'委托通知','USER','测试消息','2024-07-08 13:59:02'),(629,94,'系统通知','SYSTEM','测试消息','2024-07-08 13:59:02'),(630,95,'委托通知','USER','测试消息','2024-07-08 13:59:02'),(631,96,'营销通知','MARKETING','测试消息','2024-07-08 13:59:02'),(632,97,'个人信息通知','OWN','测试消息','2024-07-08 13:59:02'),(633,98,'营销通知','MARKETING','测试消息','2024-07-08 13:59:02'),(634,99,'委托通知','USER','测试消息','2024-07-08 13:59:02'),(635,100,'系统通知','SYSTEM','测试消息','2024-07-08 13:59:02');

/*Table structure for table `reviews` */

DROP TABLE IF EXISTS `reviews`;

CREATE TABLE `reviews` (
  `ReviewID` int NOT NULL AUTO_INCREMENT COMMENT '评价ID',
  `TaskID` int DEFAULT NULL COMMENT '对应的任务ID',
  `ReviewerID` int DEFAULT NULL COMMENT '评价者的用户ID',
  `Rating` int DEFAULT NULL COMMENT '评价等级',
  `COMMENT` varchar(255) DEFAULT NULL COMMENT '评价评论',
  `IsApproved` tinyint(1) NOT NULL DEFAULT '0' COMMENT '是否已批准',
  `PublisherID` int DEFAULT NULL COMMENT '委托发布者用户编号',
  `AcceptorID` int DEFAULT NULL COMMENT '委托接收者编号',
  PRIMARY KEY (`ReviewID`),
  CONSTRAINT `reviews_chk_1` CHECK (((`Rating` >= 1) and (`Rating` <= 5)))
) ENGINE=InnoDB AUTO_INCREMENT=15 DEFAULT CHARSET=utf8mb4 COLLATE=utf8mb4_0900_ai_ci COMMENT='存储用户对委托的评价信息';

/*Data for the table `reviews` */

insert  into `reviews`(`ReviewID`,`TaskID`,`ReviewerID`,`Rating`,`COMMENT`,`IsApproved`,`PublisherID`,`AcceptorID`) values (1,134,3,5,'123123123',1,3,2),(2,134,4,1,'123123',1,3,2),(3,134,2,3,'我认为完全足够',1,3,2),(4,134,2,3,'我认为完全足够',1,3,2),(5,134,2,3,'我认为完全足够',1,3,2),(6,134,2,4,'我认为完全足够',1,3,2),(7,134,2,2,'完美',1,3,2),(8,134,2,1,'完美契合',1,3,2),(9,134,2,2,'非常完美',1,3,2),(10,134,2,3,'美',1,3,2),(11,134,2,3,'那确实',1,3,2),(12,134,2,2,'我也是',1,3,2),(13,134,2,4,'213123123',1,3,2),(14,134,2,4,'12312312',1,3,2);

/*Table structure for table `system_announcements` */

DROP TABLE IF EXISTS `system_announcements`;

CREATE TABLE `system_announcements` (
  `announcement_id` int NOT NULL AUTO_INCREMENT COMMENT '公告ID，主键，自增',
  `title` varchar(255) NOT NULL COMMENT '公告标题',
  `content` text NOT NULL COMMENT '公告内容，可使用TEXT类型容纳较长文本',
  `publisher_id` int NOT NULL COMMENT '发布者ID，外键关联用户表或其他相关表',
  `publish_time` datetime NOT NULL COMMENT '发布时间',
  `status` enum('DRAFT','PUBLISHED','WITHDRAWN','WITHDROWN') CHARACTER SET utf8mb4 COLLATE utf8mb4_0900_ai_ci NOT NULL DEFAULT 'DRAFT' COMMENT '公告状态（如：草稿、已发布、已撤回等）',
  `start_effective_time` datetime DEFAULT NULL COMMENT '公告开始生效时间（如有）',
  `end_effective_time` datetime DEFAULT NULL COMMENT '公告结束生效时间（如有）',
  `is_pinned` tinyint(1) NOT NULL DEFAULT '0' COMMENT '是否置顶（0：否，1：是）',
  `created_at` timestamp NULL DEFAULT CURRENT_TIMESTAMP COMMENT '创建时间',
  `updated_at` timestamp NULL DEFAULT CURRENT_TIMESTAMP COMMENT '更新时间',
  `updated_by` int NOT NULL COMMENT '最后更新者编号',
  PRIMARY KEY (`announcement_id`)
) ENGINE=InnoDB AUTO_INCREMENT=322 DEFAULT CHARSET=utf8mb4 COLLATE=utf8mb4_0900_ai_ci COMMENT='存储系统公告的信息';

/*Data for the table `system_announcements` */

insert  into `system_announcements`(`announcement_id`,`title`,`content`,`publisher_id`,`publish_time`,`status`,`start_effective_time`,`end_effective_time`,`is_pinned`,`created_at`,`updated_at`,`updated_by`) values (1,'反诈骗，反封建迷信','近期，迷信类诈骗委托信息有所回升，醒广大用户群众提高警惕，增强防骗意识，警惕以封建迷信为手段的诈骗活动，破除迷信，崇尚科学，不要被犯罪嫌疑人的危言耸听所迷惑，以免上当受骗。',9,'2024-04-05 01:36:01','DRAFT','2024-04-19 08:00:00','2024-07-17 08:00:00',1,'2024-04-11 12:34:23','2024-05-31 18:24:25',1),(202,'诚信','诚信是灯,点亮成功之路;诚信是石,铺就理想之基;诚信是水,装缀事业之花……',9,'2024-04-10 12:50:31','PUBLISHED','2024-04-11 12:50:31','2024-04-12 12:50:31',1,'2024-04-11 12:50:31','2024-05-31 17:54:38',1),(219,'重要通知','近期，封建迷信类诈骗案件有所回升，警方提醒广大市民群众提高警惕，增强防骗意识，警惕以封建迷信为手段的诈骗活动，破除迷信，崇尚科学，不要被犯罪嫌疑人的危言耸听所迷惑，以免上当受骗。',9,'2024-05-16 15:26:59','PUBLISHED','2024-05-18 08:00:00','2024-06-19 08:00:00',1,'2024-04-11 12:50:31','2024-05-31 17:36:38',1),(302,'测试公告主题0','测试公告内容',9,'2024-07-08 13:59:02','DRAFT','2024-07-08 13:59:02','2024-07-09 13:59:02',0,'2024-07-08 13:59:02','2024-07-12 13:59:02',9),(303,'测试公告主题1','测试公告内容',9,'2024-07-09 13:59:02','DRAFT','2024-07-08 13:59:02','2024-07-09 13:59:02',0,'2024-07-08 13:59:02','2024-07-12 13:59:02',9),(304,'测试公告主题2','测试公告内容',9,'2024-07-11 13:59:02','DRAFT','2024-07-08 13:59:02','2024-07-09 13:59:02',0,'2024-07-08 13:59:02','2024-07-12 13:59:02',9),(305,'测试公告主题3','测试公告内容',9,'2024-07-14 13:59:02','DRAFT','2024-07-08 13:59:02','2024-07-09 13:59:02',0,'2024-07-08 13:59:02','2024-07-12 13:59:02',9),(306,'测试公告主题4','测试公告内容',9,'2024-07-18 13:59:02','DRAFT','2024-07-08 13:59:02','2024-07-09 13:59:02',0,'2024-07-08 13:59:02','2024-07-12 13:59:02',9),(307,'测试公告主题5','测试公告内容',9,'2024-07-23 13:59:02','DRAFT','2024-07-08 13:59:02','2024-07-09 13:59:02',0,'2024-07-08 13:59:02','2024-07-12 13:59:02',9),(308,'测试公告主题6','测试公告内容',9,'2024-07-29 13:59:02','DRAFT','2024-07-08 13:59:02','2024-07-09 13:59:02',0,'2024-07-08 13:59:02','2024-07-12 13:59:02',9),(309,'测试公告主题7','测试公告内容',9,'2024-08-05 13:59:02','DRAFT','2024-07-08 13:59:02','2024-07-09 13:59:02',0,'2024-07-08 13:59:02','2024-07-12 13:59:02',9),(310,'测试公告主题8','测试公告内容',9,'2024-08-13 13:59:02','DRAFT','2024-07-08 13:59:02','2024-07-09 13:59:02',0,'2024-07-08 13:59:02','2024-07-12 13:59:02',9),(311,'测试公告主题9','测试公告内容',9,'2024-08-22 13:59:02','DRAFT','2024-07-08 13:59:02','2024-07-09 13:59:02',0,'2024-07-08 13:59:02','2024-07-12 13:59:02',9),(312,'测试公告主题10','测试公告内容',9,'2024-09-01 13:59:02','DRAFT','2024-07-08 13:59:02','2024-07-09 13:59:02',0,'2024-07-08 13:59:02','2024-07-12 13:59:02',9),(313,'测试公告主题11','测试公告内容',9,'2024-09-12 13:59:02','DRAFT','2024-07-08 13:59:02','2024-07-09 13:59:02',0,'2024-07-08 13:59:02','2024-07-12 13:59:02',9),(314,'测试公告主题12','测试公告内容',9,'2024-09-24 13:59:02','DRAFT','2024-07-08 13:59:02','2024-07-09 13:59:02',0,'2024-07-08 13:59:02','2024-07-12 13:59:02',9),(315,'测试公告主题13','测试公告内容',9,'2024-10-07 13:59:02','DRAFT','2024-07-08 13:59:02','2024-07-09 13:59:02',0,'2024-07-08 13:59:02','2024-07-12 13:59:02',9),(316,'测试公告主题14','测试公告内容',9,'2024-10-21 13:59:02','DRAFT','2024-07-08 13:59:02','2024-07-09 13:59:02',0,'2024-07-08 13:59:02','2024-07-12 13:59:02',9),(317,'测试公告主题15','测试公告内容',9,'2024-11-05 13:59:02','DRAFT','2024-07-08 13:59:02','2024-07-09 13:59:02',0,'2024-07-08 13:59:02','2024-07-12 13:59:02',9),(318,'测试公告主题16','测试公告内容',9,'2024-11-21 13:59:02','DRAFT','2024-07-08 13:59:02','2024-07-09 13:59:02',0,'2024-07-08 13:59:02','2024-07-12 13:59:02',9),(319,'测试公告主题17','测试公告内容',9,'2024-12-08 13:59:02','DRAFT','2024-07-08 13:59:02','2024-07-09 13:59:02',0,'2024-07-08 13:59:02','2024-07-12 13:59:02',9),(320,'测试公告主题18','测试公告内容',9,'2024-12-26 13:59:02','DRAFT','2024-07-08 13:59:02','2024-07-09 13:59:02',0,'2024-07-08 13:59:02','2024-07-12 13:59:02',9),(321,'测试公告主题19','测试公告内容',9,'2025-01-14 13:59:02','DRAFT','2024-07-08 13:59:02','2024-07-09 13:59:02',0,'2024-07-08 13:59:02','2024-07-12 13:59:02',9);

/*Table structure for table `task` */

DROP TABLE IF EXISTS `task`;

CREATE TABLE `task` (
  `TaskID` int NOT NULL AUTO_INCREMENT COMMENT '任务ID',
  `OwnerID` int DEFAULT NULL COMMENT '任务所有者的用户ID',
  `ReceiverID` int DEFAULT NULL COMMENT '任务接收者的用户ID',
  `CreatedAt` datetime DEFAULT NULL COMMENT '委托创建时间',
  `Description` varchar(255) NOT NULL COMMENT '委托描述',
  `Location` varchar(255) DEFAULT NULL COMMENT '委托地点',
  `StartTime` datetime DEFAULT NULL COMMENT '委托发布时间',
  `TaskType` int DEFAULT NULL COMMENT '委托类型',
  `EndTime` datetime DEFAULT NULL COMMENT '委托截止时间',
  `STATUS` enum('DRAFT','AUDIT_FAILED','ACCEPTED','PENDING_RELEASE','AUDITING','EXPIRED','ONGOING','COMPLETED','CANCELLED','INCOMPLETE') CHARACTER SET utf8mb4 COLLATE utf8mb4_0900_ai_ci NOT NULL DEFAULT 'DRAFT' COMMENT '委托状态',
  PRIMARY KEY (`TaskID`)
) ENGINE=InnoDB AUTO_INCREMENT=157 DEFAULT CHARSET=utf8mb4 COLLATE=utf8mb4_0900_ai_ci COMMENT='存储委托相关信息';

/*Data for the table `task` */

insert  into `task`(`TaskID`,`OwnerID`,`ReceiverID`,`CreatedAt`,`Description`,`Location`,`StartTime`,`TaskType`,`EndTime`,`STATUS`) values (102,2,NULL,'2024-04-13 07:23:36','eyJhbGciOiJIUzI1NiIsInR5cCI6IkpXVCJ9.eyJjbGFpbXMiOnsicm9sZSI6InVzZXIiLCJ1c2VybmF','教学楼','2024-04-29 16:20:53',1,'2024-04-30 00:00:00','EXPIRED'),(103,2,NULL,'2024-04-13 09:11:31','审核未通过','教学楼','2024-04-22 00:00:02',3,'2024-04-23 00:00:01','EXPIRED'),(104,2,NULL,'2024-04-13 09:11:43','审核中','运动场','2024-05-04 17:15:18',1,'2024-05-07 00:00:00','EXPIRED'),(108,2,NULL,'2024-04-13 09:18:54','123213123','其他','2024-04-11 00:00:00',1,'2024-04-12 00:00:00','EXPIRED'),(113,2,NULL,'2024-04-13 09:21:08','@childEvent=\"getTaskDraft\"<el-form-item label=\"发布者电话\" prop=\"phoneNumber\">','其他','2024-04-30 00:00:00',1,'2024-05-02 00:00:00','EXPIRED'),(114,2,NULL,'2024-04-13 09:41:25','教学事故研究会','食堂','2024-04-04 00:00:00',1,'2024-04-30 00:00:00','EXPIRED'),(124,2,NULL,'2024-05-13 15:46:31','翻译学前教育毕业论文','实验室',NULL,6,NULL,'AUDIT_FAILED'),(128,2,NULL,'2024-05-13 15:46:36','翻译数学毕业论文','实验室','2024-05-31 00:00:00',6,'2024-06-29 00:00:00','EXPIRED'),(130,2,NULL,'2024-05-15 17:48:15','允许校园内部组织、社团、团队等发布相关活动、招募信息，但不得进行过度商业宣传。','实验室',NULL,10,NULL,'AUDIT_FAILED'),(132,3,NULL,'2024-05-16 14:57:27','招募一位统计数学的大四同学','教学楼','2024-05-16 00:00:00',10,'2024-05-31 00:00:00','EXPIRED'),(133,3,NULL,'2024-05-16 14:59:16','招募一位会书籍管理的同学，有重谢','图书馆','2024-05-16 00:00:00',10,'2024-05-31 00:00:00','EXPIRED'),(134,3,2,'2024-05-17 02:56:44','国家法律法规和学校相关规定知识普及卫士','教学楼','2024-05-17 00:00:00',10,'2024-05-31 00:00:00','COMPLETED'),(135,3,NULL,'2024-05-17 08:24:11','单片机课设辅导','教学楼','2024-05-31 00:18:57',5,'2024-06-26 00:00:00','EXPIRED'),(136,3,NULL,'2024-05-17 08:24:27','微型计算机课设辅导','教学楼','2024-05-31 00:18:40',5,'2024-06-30 00:00:00','EXPIRED'),(137,4,NULL,'2024-05-20 10:33:31','寻找参加大赛队友','教学楼','2024-05-23 00:00:00',10,'2024-05-31 00:00:00','EXPIRED'),(138,4,NULL,'2024-05-20 10:35:13','寻找参加大赛队友','运动场','2024-05-19 00:00:00',10,'2024-05-31 00:00:00','EXPIRED'),(139,4,NULL,'2024-05-20 10:49:05','寻找一位同学参加5月29日的校园二手市场志愿者','运动场','2024-05-20 11:22:00',10,'2024-05-31 00:00:00','EXPIRED'),(140,4,NULL,'2024-05-20 10:49:40','寻找一位同学参加5月29日的校园二手市场志愿者','运动场','2024-05-20 00:00:00',10,'2024-05-31 00:00:00','EXPIRED'),(146,3,NULL,'2024-05-29 14:46:21','测试添加数据1','其他','2024-05-31 00:20:51',10,'2024-06-28 00:00:00','EXPIRED'),(147,3,NULL,'2024-05-31 00:19:34','艺术社纳新','运动场','2024-05-31 00:20:40',10,'2024-06-28 00:00:00','EXPIRED'),(148,3,NULL,'2024-05-31 20:47:25','带取快递北门','其他','2024-05-31 00:00:00',10,'2024-06-01 00:00:00','EXPIRED'),(149,3,NULL,'2024-05-31 21:02:10','取件','教学楼','2024-05-02 12:00:00',10,'2024-06-02 13:00:00','EXPIRED'),(150,3,NULL,'2024-06-11 15:18:26','五星红旗迎风飘扬，毛主席的画像屹立在天安门前。','教学楼',NULL,1,NULL,'DRAFT'),(151,3,NULL,'2024-06-11 15:19:31','****迎风飘扬，***的画像屹立在***前。','教学楼',NULL,1,NULL,'DRAFT'),(152,3,NULL,'2024-06-11 15:21:44','草拟吗','教学楼',NULL,1,NULL,'DRAFT'),(153,3,NULL,'2024-06-11 15:22:11','***','教学楼',NULL,1,NULL,'DRAFT'),(154,3,NULL,'2024-06-22 19:27:07','***','教学楼',NULL,1,NULL,'DRAFT'),(155,NULL,NULL,'2024-07-08 13:59:03','测试','测试',NULL,1,NULL,'DRAFT'),(156,4,NULL,'2025-02-20 03:40:53','发布的信息必须真实准确，不得故意虚假宣传、夸大事实或误导他人。','其他',NULL,10,NULL,'AUDITING');

/*Table structure for table `taskacceptrecords` */

DROP TABLE IF EXISTS `taskacceptrecords`;

CREATE TABLE `taskacceptrecords` (
  `AcceptRecordId` int NOT NULL AUTO_INCREMENT COMMENT '委托接收留言编号',
  `taskId` int NOT NULL COMMENT '委托任务编号',
  `AccepterId` int NOT NULL COMMENT '委托接收人编号',
  `str` varchar(255) DEFAULT NULL COMMENT '接收人留言',
  `adoptTime` datetime DEFAULT NULL COMMENT '处理时间',
  `acceptTime` datetime NOT NULL COMMENT '创建时间',
  `status` enum('Pending','Unchecked','Checked','Expired','Cancel') CHARACTER SET utf8mb4 COLLATE utf8mb4_0900_ai_ci NOT NULL DEFAULT 'Pending',
  PRIMARY KEY (`AcceptRecordId`),
  UNIQUE KEY `taskAcceptRecords_AcceptRecordId_uindex` (`AcceptRecordId`)
) ENGINE=InnoDB AUTO_INCREMENT=16 DEFAULT CHARSET=utf8mb4 COLLATE=utf8mb4_0900_ai_ci COMMENT='委托接收留言表';

/*Data for the table `taskacceptrecords` */

insert  into `taskacceptrecords`(`AcceptRecordId`,`taskId`,`AccepterId`,`str`,`adoptTime`,`acceptTime`,`status`) values (2,2,3,'22342',NULL,'2024-05-22 14:31:13','Pending'),(4,105,4,'我说queryRules',NULL,'2024-05-05 19:14:42','Expired'),(5,109,3,'我是李思远','2024-05-08 22:03:47','2024-05-08 16:25:48','Unchecked'),(6,106,6,'1231','2024-05-08 22:03:47','2024-05-08 20:18:46','Checked'),(7,127,3,'接受者不能是同一用户','2024-05-15 18:28:29','2024-05-15 18:00:37','Expired'),(8,131,3,'我在剧院有朋友',NULL,'2024-05-16 15:05:26','Pending'),(9,132,2,'我是统计2004的','2024-05-17 00:15:52','2024-05-16 15:26:58','Expired'),(10,132,4,'我是统计数学2001班的','2024-05-17 00:15:52','2024-05-17 00:14:26','Expired'),(11,134,2,'我是法学2004的','2024-05-17 02:59:14','2024-05-17 02:58:51','Checked'),(12,139,6,'我可以',NULL,'2024-05-20 15:11:25','Expired'),(13,133,4,'我可以参加吗\n',NULL,'2024-05-22 14:16:42','Expired'),(14,147,2,'我热爱艺术，我有一颗真挚的追求艺术的心',NULL,'2024-05-31 18:34:55','Expired'),(15,148,2,'我有时间',NULL,'2024-05-31 20:51:50','Expired');

/*Table structure for table `taskupdates` */

DROP TABLE IF EXISTS `taskupdates`;

CREATE TABLE `taskupdates` (
  `UpdateID` int NOT NULL AUTO_INCREMENT COMMENT '更新记录的ID',
  `TaskID` int DEFAULT NULL COMMENT '对应的任务ID',
  `UserID` int DEFAULT NULL COMMENT '进行更新的用户ID',
  `UpdateTime` datetime DEFAULT CURRENT_TIMESTAMP COMMENT '更新时间',
  `UpdateType` enum('CREATED','AUDITING','PUBLISHED','RESULT','FALLBACK_DRAFT') CHARACTER SET utf8mb4 COLLATE utf8mb4_0900_ai_ci NOT NULL DEFAULT 'CREATED' COMMENT '委托更新记录类型',
  `UpdateDescription` text NOT NULL COMMENT '更新描述',
  PRIMARY KEY (`UpdateID`)
) ENGINE=InnoDB AUTO_INCREMENT=96 DEFAULT CHARSET=utf8mb4 COLLATE=utf8mb4_0900_ai_ci COMMENT='记录委托更新情况';

/*Data for the table `taskupdates` */

insert  into `taskupdates`(`UpdateID`,`TaskID`,`UserID`,`UpdateTime`,`UpdateType`,`UpdateDescription`) values (13,1,1,'2024-04-26 09:36:45','RESULT','委托草稿删除成功'),(14,4,1,'2024-04-26 09:36:50','RESULT','委托草稿删除成功'),(15,17,1,'2024-04-26 09:36:55','RESULT','委托草稿删除成功'),(16,101,1,'2024-04-28 20:52:33','RESULT','委托草稿删除成功'),(18,13,1,'2024-04-28 21:28:50','FALLBACK_DRAFT','回退为草稿'),(19,112,1,'2024-04-29 14:29:14','RESULT','委托草稿删除成功'),(20,104,1,'2024-04-29 14:29:24','FALLBACK_DRAFT','回退为草稿'),(21,105,1,'2024-04-29 14:29:27','FALLBACK_DRAFT','回退为草稿'),(22,115,1,'2024-05-03 06:30:02','AUDITING','回退为草稿'),(27,119,2,'2024-05-10 16:47:28','CREATED','创建委托草稿'),(28,120,2,'2024-05-10 16:47:41','CREATED','创建委托草稿'),(29,118,1,'2024-05-12 23:07:38','RESULT','委托草稿删除成功'),(30,119,1,'2024-05-12 23:13:43','RESULT','委托草稿删除成功'),(31,115,1,'2024-05-13 15:32:10','FALLBACK_DRAFT','回退为草稿'),(32,115,1,'2024-05-13 15:32:14','RESULT','委托草稿删除成功'),(33,117,1,'2024-05-13 15:32:21','AUDITING','回退为草稿'),(34,117,1,'2024-05-13 15:32:24','FALLBACK_DRAFT','回退为草稿'),(36,120,1,'2024-05-13 15:32:29','RESULT','委托草稿删除成功'),(37,121,2,'2024-05-13 15:36:10','CREATED','创建委托草稿'),(39,122,2,'2024-05-13 15:38:14','CREATED','创建委托草稿'),(40,122,1,'2024-05-13 15:38:50','AUDITING','回退为草稿'),(41,123,2,'2024-05-13 15:42:09','CREATED','创建委托草稿'),(42,123,1,'2024-05-13 15:42:43','AUDITING','回退为草稿'),(43,124,2,'2024-05-13 15:46:31','CREATED','创建委托草稿'),(44,125,2,'2024-05-13 15:46:32','CREATED','创建委托草稿'),(45,126,2,'2024-05-13 15:46:33','CREATED','创建委托草稿'),(46,127,2,'2024-05-13 15:46:36','CREATED','创建委托草稿'),(47,128,2,'2024-05-13 15:46:36','CREATED','创建委托草稿'),(48,124,1,'2024-05-13 15:47:22','AUDITING','回退为草稿'),(49,129,2,'2024-05-15 17:38:47','CREATED','创建委托草稿'),(50,129,1,'2024-05-15 17:39:40','AUDITING','回退为草稿'),(51,130,2,'2024-05-15 17:48:15','CREATED','创建委托草稿'),(52,130,1,'2024-05-15 17:48:29','AUDITING','回退为草稿'),(54,131,2,'2024-05-16 00:25:04','CREATED','创建委托草稿'),(55,132,3,'2024-05-16 14:57:27','CREATED','创建委托草稿'),(56,133,3,'2024-05-16 14:59:16','CREATED','创建委托草稿'),(60,134,3,'2024-05-17 02:56:44','CREATED','创建委托草稿'),(62,134,3,'2024-05-17 02:59:30','RESULT','委托已完成'),(63,135,3,'2024-05-17 08:24:11','CREATED','创建委托草稿'),(64,136,3,'2024-05-17 08:24:27','CREATED','创建委托草稿'),(65,106,1,'2024-05-19 10:28:45','RESULT','委托草稿删除成功'),(66,131,1,'2024-05-19 11:08:10','RESULT','管理员取消发布委托编号为131的任务'),(67,137,4,'2024-05-20 10:33:31','CREATED','创建委托草稿'),(68,138,4,'2024-05-20 10:35:13','CREATED','创建委托草稿'),(69,139,4,'2024-05-20 10:49:05','CREATED','创建委托草稿'),(70,140,4,'2024-05-20 10:49:40','CREATED','创建委托草稿'),(71,141,4,'2024-05-20 10:51:29','CREATED','创建委托草稿'),(72,141,NULL,'2024-05-20 17:26:19','RESULT','取消委托发布成功'),(73,6,1,'2024-05-23 14:10:01','RESULT','委托草稿删除成功'),(74,5,1,'2024-05-23 14:10:04','RESULT','委托草稿删除成功'),(75,7,1,'2024-05-23 14:10:07','RESULT','委托草稿删除成功'),(76,12,1,'2024-05-23 14:10:47','RESULT','委托草稿删除成功'),(77,13,1,'2024-05-23 14:10:50','RESULT','委托草稿删除成功'),(78,146,3,'2024-05-29 14:46:21','CREATED','创建委托草稿'),(79,142,1,'2024-05-29 14:46:49','RESULT','委托草稿删除成功'),(80,143,1,'2024-05-29 14:46:52','RESULT','委托草稿删除成功'),(81,144,1,'2024-05-29 14:46:55','RESULT','委托草稿删除成功'),(82,145,1,'2024-05-29 14:46:57','RESULT','委托草稿删除成功'),(83,147,3,'2024-05-31 00:19:34','CREATED','创建委托草稿'),(84,125,1,'2024-05-31 18:35:53','RESULT','管理员取消发布委托编号为125的任务'),(85,116,1,'2024-05-31 18:39:43','RESULT','委托草稿删除成功'),(86,125,1,'2024-05-31 18:40:23','RESULT','委托草稿删除成功'),(87,126,1,'2024-05-31 18:40:40','RESULT','委托草稿删除成功'),(88,127,1,'2024-05-31 18:40:44','RESULT','委托草稿删除成功'),(89,131,1,'2024-05-31 18:40:47','RESULT','委托草稿删除成功'),(90,109,1,'2024-05-31 18:41:17','RESULT','委托草稿删除成功'),(92,2,1,'2024-05-31 18:52:19','RESULT','委托草稿删除成功'),(93,148,3,'2024-05-31 20:47:25','CREATED','创建委托草稿'),(94,149,3,'2024-05-31 21:02:10','CREATED','创建委托草稿'),(95,156,4,'2025-02-20 03:40:53','CREATED','创建委托草稿');

/*Table structure for table `users` */

DROP TABLE IF EXISTS `users`;

CREATE TABLE `users` (
  `UserID` int NOT NULL AUTO_INCREMENT COMMENT '用户ID',
  `Username` varchar(255) NOT NULL COMMENT '用户名',
  `PASSWORD` varchar(255) NOT NULL COMMENT '密码',
  `Email` varchar(255) NOT NULL COMMENT '电子邮件地址',
  `IsActive` tinyint(1) NOT NULL DEFAULT '0' COMMENT '用户是否激活',
  `Role` enum('USER','ADMIN') CHARACTER SET utf8mb4 COLLATE utf8mb4_0900_ai_ci NOT NULL DEFAULT 'USER' COMMENT '用户角色',
  `CreateTime` datetime NOT NULL COMMENT '注册日期',
  `ActiveTime` datetime DEFAULT NULL COMMENT '激活日期',
  `IsEnabled` tinyint DEFAULT '0' COMMENT '是否启用',
  PRIMARY KEY (`UserID`)
) ENGINE=InnoDB AUTO_INCREMENT=11 DEFAULT CHARSET=utf8mb4 COLLATE=utf8mb4_0900_ai_ci COMMENT='存储系统用户信息';

/*Data for the table `users` */

insert  into `users`(`UserID`,`Username`,`PASSWORD`,`Email`,`IsActive`,`Role`,`CreateTime`,`ActiveTime`,`IsEnabled`) values (1,'majiaqi','$2a$10$0LJOz/jc7oTTJPSuSlF/nexQG.xQ69AaaoifvbC.Sdzyf8QLrBrBu','2312034544@qq.com',1,'ADMIN','2024-04-14 11:17:48','2024-04-14 11:24:21',1),(2,'zhangsan','$2a$10$0LJOz/jc7oTTJPSuSlF/nexQG.xQ69AaaoifvbC.Sdzyf8QLrBrBu','2312034544@qq.com',1,'USER','2024-04-10 11:27:28','2024-04-15 01:38:52',1),(3,'lisiyuan','$2a$10$0LJOz/jc7oTTJPSuSlF/nexQG.xQ69AaaoifvbC.Sdzyf8QLrBrBu','2312034544@qq.com',1,'USER','2024-04-11 11:27:55','2024-04-15 01:38:46',1),(4,'wangang','$2a$10$0LJOz/jc7oTTJPSuSlF/nexQG.xQ69AaaoifvbC.Sdzyf8QLrBrBu','2312034544@qq.com',1,'USER','2024-04-12 11:28:31','2024-04-15 01:39:10',1),(5,'zhaoliu','$2a$10$0LJOz/jc7oTTJPSuSlF/nexQG.xQ69AaaoifvbC.Sdzyf8QLrBrBu','2312034544@qq.com',1,'USER','2024-04-13 11:28:49','2024-04-15 01:39:05',1),(6,'liuyong','$2a$10$0LJOz/jc7oTTJPSuSlF/nexQG.xQ69AaaoifvbC.Sdzyf8QLrBrBu','2312034544@qq.com',1,'USER','2024-04-10 11:29:10','2024-04-20 08:16:14',1),(7,'liuyuyuan','$2a$10$0LJOz/jc7oTTJPSuSlF/nexQG.xQ69AaaoifvbC.Sdzyf8QLrBrBu','2312034544@qq.com',1,'USER','2024-05-09 14:39:27','2024-05-09 14:39:46',1),(9,'wuchenhao','$2a$10$GIVxUOwTAtpyr17NzOh.3.FLOxaZLhZRY0xRnVy/i60YYw6nlY0Da','2310492941@qq.com',0,'USER','2024-05-16 07:53:37',NULL,0),(10,'liuchen','$2a$10$8IoHXliFKLIvnako9y8Up..aeYXAHN4/g7c44u/EY2JY.6MRFbFnS','2312034544@qq.com',1,'USER','2024-05-22 06:55:58','2024-05-23 13:40:30',0);

/*Table structure for table `usersinfo` */

DROP TABLE IF EXISTS `usersinfo`;

CREATE TABLE `usersinfo` (
  `UserID` int NOT NULL AUTO_INCREMENT COMMENT '用户ID',
  `name` varchar(255) NOT NULL COMMENT '姓名',
  `PhoneNumber` varchar(15) DEFAULT NULL COMMENT '电话号码',
  `qqNumber` varchar(15) DEFAULT NULL COMMENT '号码',
  `roleImgSrc` varchar(255) DEFAULT NULL COMMENT '认证图片地址',
  `CertifieTime` datetime NOT NULL COMMENT '用户认证时间',
  `CertifiedTime` datetime DEFAULT NULL COMMENT '用户认证通过时间',
  `userRole` enum('student','teacher','other') NOT NULL COMMENT '用户角色',
  `auth_status` varchar(25) CHARACTER SET utf8mb4 COLLATE utf8mb4_0900_ai_ci NOT NULL COMMENT '认证状态',
  PRIMARY KEY (`UserID`)
) ENGINE=InnoDB AUTO_INCREMENT=8 DEFAULT CHARSET=utf8mb4 COLLATE=utf8mb4_0900_ai_ci COMMENT='存储系统用户详细信息';

/*Data for the table `usersinfo` */

insert  into `usersinfo`(`UserID`,`name`,`PhoneNumber`,`qqNumber`,`roleImgSrc`,`CertifieTime`,`CertifiedTime`,`userRole`,`auth_status`) values (2,'李易峰','15619763223','2312034544','photos/3b6434b5-c0a5-4344-9abe-9ae841d081c1.png','2024-04-15 19:21:24','2024-04-24 16:43:39','student','3'),(3,'李思远','15619763223','2312034544','photos/6caa0f8c-bca1-4823-87b0-77ef3b94db14.png','2024-05-08 16:23:56','2024-05-08 16:25:08','student','3'),(4,'刘震','15619763223','2312034544','photos/2f33d896-78c2-495e-b5bc-5a5363c51c21.png','2024-05-03 22:08:41','2024-05-03 22:10:17','student','3'),(5,'赵六','15619763223','2312034544','photos/0e88c1c5-41e1-4685-9596-38b4cc6bd067.png','2024-04-20 07:25:45','2024-04-24 16:34:37','student','2'),(6,'岑立超','15619763223','2312034544','photos/15b856c7-3867-4dbd-a887-f49d8b200150.png','2024-05-08 22:01:35','2024-05-08 22:01:54','other','3'),(7,'刘宇源','15619763223','2312034544','photos/62553ca2-af9a-4e44-a78b-efdfdcdc1d4e.png','2024-05-16 02:51:00','2024-05-23 13:25:37','teacher','3');

/*!40101 SET SQL_MODE=@OLD_SQL_MODE */;
/*!40014 SET FOREIGN_KEY_CHECKS=@OLD_FOREIGN_KEY_CHECKS */;
/*!40014 SET UNIQUE_CHECKS=@OLD_UNIQUE_CHECKS */;
/*!40111 SET SQL_NOTES=@OLD_SQL_NOTES */;
